1569369600.0,0.03694000,0.03989000,0.03665000,0.03900000,222571.20000000,1569455999999,8383.27251800,129,139299.30000000,5262.75438700,0
1569456000.0,0.03907000,0.03965000,0.03532000,0.03789000,426849.80000000,1569542399999,15958.83577100,160,209626.50000000,7967.41417900,0
1569542400.0,0.03828000,0.03964000,0.03697000,0.03914000,717568.00000000,1569628799999,27574.03874500,290,450881.30000000,17316.38177300,0
1569628800.0,0.03914000,0.03943000,0.03795000,0.03865000,301123.50000000,1569715199999,11665.73130000,140,262941.10000000,10179.93232100,0
1569715200.0,0.03876000,0.03876000,0.03606000,0.03724000,374921.50000000,1569801599999,14005.33250800,194,348010.20000000,13000.21319100,0
1569801600.0,0.03713000,0.03923000,0.03616000,0.03878000,294754.10000000,1569887999999,11155.92179500,175,230435.10000000,8703.56935000,0
1569888000.0,0.03855000,0.03986000,0.03812000,0.03825000,482803.10000000,1569974399999,18685.50020200,255,358776.00000000,13872.73162600,0
1569974400.0,0.03827000,0.03939000,0.03761000,0.03926000,346234.70000000,1570060799999,13376.82896600,254,225718.00000000,8724.17389400,0
1570060800.0,0.03938000,0.03955000,0.03753000,0.03815000,378137.50000000,1570147199999,14560.57024200,291,239849.30000000,9226.11876300,0
1570147200.0,0.03809000,0.04017000,0.03741000,0.03942000,783492.90000000,1570233599999,30797.37929000,342,598265.40000000,23543.63023000,0
1570233600.0,0.03941000,0.03981000,0.03872000,0.03964000,494211.00000000,1570319999999,19492.05236900,317,365599.40000000,14431.62851800,0
1570320000.0,0.03970000,0.03995000,0.03833000,0.03888000,788961.60000000,1570406399999,30772.82012400,321,336672.90000000,13113.11654700,0
1570406400.0,0.03859000,0.04182000,0.03819000,0.04151000,519236.60000000,1570492799999,20504.43858900,352,366493.80000000,14329.36865100,0
1570492800.0,0.04154000,0.04207000,0.04036000,0.04136000,465069.80000000,1570579199999,19129.96368100,330,281180.50000000,11584.38149800,0
1570579200.0,0.04118000,0.04338000,0.04081000,0.04247000,889187.00000000,1570665599999,37700.64648100,459,707853.70000000,30056.79514900,0
1570665600.0,0.04254000,0.04254000,0.04064000,0.04162000,313240.20000000,1570751999999,12989.29034500,271,180861.60000000,7507.33215400,0
1570752000.0,0.04169000,0.04206000,0.03993000,0.04008000,2841648.90000000,1570838399999,115380.31328400,1405,1309274.50000000,53184.99240200,0
1570838400.0,0.04005000,0.04094000,0.04003000,0.04042000,2687264.70000000,1570924799999,108951.99847900,1731,1436792.00000000,58249.96762500,0
1570924800.0,0.04035000,0.04166000,0.04034000,0.04130000,2676537.10000000,1571011199999,110019.49389300,1745,1366326.50000000,56172.03825700,0
1571011200.0,0.04126000,0.04203000,0.04080000,0.04173000,4034760.10000000,1571097599999,167298.78527000,2370,2239815.40000000,92870.15567400,0
1571097600.0,0.04175000,0.04190000,0.03907000,0.03959000,4157444.90000000,1571183999999,168027.04364900,2330,2226991.80000000,89969.51350900,0
1571184000.0,0.03954000,0.03984000,0.03758000,0.03845000,4530477.60000000,1571270399999,174972.70379000,2601,2420414.40000000,93547.38838600,0
1571270400.0,0.03844000,0.03947000,0.03785000,0.03936000,3489569.10000000,1571356799999,135625.59455500,2072,1786919.90000000,69444.61277600,0
1571356800.0,0.03916000,0.03947000,0.03735000,0.03796000,2646559.00000000,1571443199999,101057.70065600,1658,1239880.90000000,47280.08068600,0
1571443200.0,0.03802000,0.03955000,0.03764000,0.03907000,1028996.10000000,1571529599999,39711.98126400,694,580882.70000000,22417.74079400,0
1571529600.0,0.03900000,0.03950000,0.03821000,0.03943000,738247.20000000,1571615999999,28693.69575900,427,414846.50000000,16137.75182800,0
1571616000.0,0.03946000,0.03946000,0.03848000,0.03915000,688207.60000000,1571702399999,26780.42357700,539,388488.60000000,15107.58993500,0
1571702400.0,0.03911000,0.04000000,0.03853000,0.03864000,2302824.90000000,1571788799999,90860.12811300,1050,1409753.70000000,55651.38959100,0
1571788800.0,0.03856000,0.03882000,0.03520000,0.03630000,2499596.90000000,1571875199999,92297.71943600,1165,1301906.50000000,48011.16460600,0
1571875200.0,0.03633000,0.03791000,0.03592000,0.03736000,2427014.70000000,1571961599999,90237.63827500,1112,1541385.30000000,57377.77923300,0
1571961600.0,0.03733000,0.04199000,0.03722000,0.04114000,5456059.60000000,1572047999999,218986.17096700,1910,3133641.00000000,125744.39539100,0
1572048000.0,0.04121000,0.04320000,0.03919000,0.04049000,7692304.20000000,1572134399999,317013.58946400,2452,4243612.90000000,176050.14836300,0
1572134400.0,0.04052000,0.04339000,0.03949000,0.04212000,4704099.80000000,1572220799999,194833.39959500,1821,2357052.10000000,97692.32174300,0
1572220800.0,0.04222000,0.04480000,0.04186000,0.04219000,3823428.70000000,1572307199999,164373.65854500,1619,2013384.00000000,86557.71002100,0
1572307200.0,0.04218000,0.04396000,0.04207000,0.04338000,2506281.30000000,1572393599999,107501.40335500,1100,1284630.80000000,55079.43002400,0
1572393600.0,0.04339000,0.04447000,0.04114000,0.04168000,2346859.90000000,1572479999999,99827.91792600,1070,1256252.90000000,53358.81121100,0
1572480000.0,0.04180000,0.04231000,0.04015000,0.04128000,2862962.00000000,1572566399999,118130.26986200,1142,1327679.60000000,54844.42476200,0
1572566400.0,0.04118000,0.04241000,0.04088000,0.04210000,784922.60000000,1572652799999,32696.81918700,420,449790.30000000,18738.66311200,0
1572652800.0,0.04233000,0.04254000,0.04179000,0.04244000,551711.00000000,1572739199999,23261.25094200,267,310505.60000000,13081.38622800,0
1572739200.0,0.04244000,0.04255000,0.04135000,0.04171000,348279.90000000,1572825599999,14562.56711300,247,167548.80000000,7006.80257400,0
1572825600.0,0.04174000,0.04348000,0.04143000,0.04316000,1026821.40000000,1572911999999,43782.94851200,455,744325.00000000,31754.07790900,0
1572912000.0,0.04323000,0.04471000,0.04303000,0.04423000,893034.10000000,1572998399999,39251.12035900,483,520296.00000000,22879.20350100,0
1572998400.0,0.04416000,0.04601000,0.04363000,0.04475000,1061661.10000000,1573084799999,47641.05391400,545,708504.80000000,31794.77702500,0
1573084800.0,0.04473000,0.04491000,0.04266000,0.04342000,912444.70000000,1573171199999,39741.76327400,463,414923.70000000,18088.59926600,0
1573171200.0,0.04343000,0.04384000,0.04124000,0.04223000,1266478.70000000,1573257599999,53829.10613100,540,542261.40000000,23101.25020900,0
1573257600.0,0.04221000,0.04286000,0.04206000,0.04248000,659267.80000000,1573343999999,28023.86783900,372,448035.80000000,19073.14295500,0
1573344000.0,0.04230000,0.04417000,0.04230000,0.04388000,688020.60000000,1573430399999,29885.21437900,338,358021.30000000,15562.69616100,0
1573430400.0,0.04405000,0.04407000,0.04241000,0.04312000,982067.10000000,1573516799999,42348.10440000,386,446779.50000000,19276.57023200,0
1573516800.0,0.04321000,0.04446000,0.04311000,0.04374000,654034.10000000,1573603199999,28602.82717100,318,376812.00000000,16477.23294800,0
1573603200.0,0.04383000,0.04391000,0.04316000,0.04333000,375112.50000000,1573689599999,16309.88893600,305,175451.00000000,7630.85678600,0
1573689600.0,0.04335000,0.04345000,0.04210000,0.04294000,375494.30000000,1573775999999,16011.92476700,300,148219.20000000,6322.70824300,0
1573776000.0,0.04275000,0.04455000,0.04202000,0.04426000,860877.90000000,1573862399999,37095.51507300,444,459077.30000000,19908.72234900,0
1573862400.0,0.04398000,0.04470000,0.04326000,0.04390000,1061866.20000000,1573948799999,46737.33158500,543,642737.20000000,28370.45565100,0
1573948800.0,0.04390000,0.04589000,0.04348000,0.04502000,560794.20000000,1574035199999,25036.59984700,389,333663.80000000,14920.77509100,0
1574035200.0,0.04506000,0.04616000,0.04284000,0.04318000,1736664.20000000,1574121599999,77445.26379100,1055,1034586.80000000,46084.59856900,0
1574121600.0,0.04313000,0.04343000,0.04104000,0.04216000,1486129.10000000,1574207999999,62775.16988400,832,922603.30000000,38974.25841900,0
1574208000.0,0.04213000,0.04237000,0.04048000,0.04104000,954723.90000000,1574294399999,39468.40507100,678,592044.40000000,24491.73751900,0
1574294400.0,0.04103000,0.04113000,0.03737000,0.03836000,1748137.40000000,1574380799999,69166.60132100,890,516183.20000000,20322.14895900,0
1574380800.0,0.03823000,0.03867000,0.03434000,0.03699000,2772117.60000000,1574467199999,102029.41406500,1054,1273893.50000000,46882.66307200,0
1574467200.0,0.03713000,0.03829000,0.03654000,0.03788000,779523.10000000,1574553599999,29311.16782000,413,194563.90000000,7266.10338200,0
1574553600.0,0.03828000,0.03866000,0.03494000,0.03501000,1786118.00000000,1574639999999,64454.71878100,905,800200.20000000,29095.51773600,0
1574640000.0,0.03498000,0.04643000,0.03298000,0.03583000,5765428.00000000,1574726399999,199169.43356000,2162,2710828.30000000,93569.34479300,0
1574726400.0,0.03583000,0.03706000,0.03553000,0.03672000,1263671.70000000,1574812799999,45891.92416600,692,751554.40000000,27367.18055400,0
1574812800.0,0.03673000,0.03990000,0.03522000,0.03901000,1486878.20000000,1574899199999,56247.02541900,708,859110.50000000,32544.50431200,0
1574899200.0,0.03908000,0.03980000,0.03835000,0.03904000,1014116.50000000,1574985599999,39562.28096200,561,553337.90000000,21611.04611700,0
1574985600.0,0.03925000,0.04197000,0.03925000,0.04130000,1677486.10000000,1575071999999,68704.29261800,885,793429.50000000,32432.55184700,0
1575072000.0,0.04127000,0.04212000,0.03979000,0.04044000,1237442.10000000,1575158399999,50080.57394400,499,358586.70000000,14554.61739700,0
1575158400.0,0.04016000,0.04033000,0.03819000,0.03961000,1016567.80000000,1575244799999,40050.91948500,559,401884.10000000,15846.58238000,0
1575244800.0,0.03953000,0.03953000,0.03748000,0.03794000,928350.40000000,1575331199999,35332.44107500,553,434182.20000000,16528.91940600,0
1575331200.0,0.03806000,0.03854000,0.03737000,0.03774000,509833.70000000,1575417599999,19411.56230400,349,207444.70000000,7900.42043900,0
1575417600.0,0.03772000,0.03913000,0.03625000,0.03718000,696581.90000000,1575503999999,25900.20145300,426,333596.70000000,12461.49170500,0
1575504000.0,0.03730000,0.03795000,0.03674000,0.03764000,618118.40000000,1575590399999,23037.61278100,358,244518.20000000,9129.27271800,0
1575590400.0,0.03755000,0.03832000,0.03720000,0.03832000,286844.80000000,1575676799999,10809.43441300,273,169391.20000000,6386.71479100,0
1575676800.0,0.03834000,0.03910000,0.03797000,0.03850000,232502.10000000,1575763199999,8955.36710100,255,112563.40000000,4336.05752300,0
1575763200.0,0.03841000,0.03889000,0.03796000,0.03869000,264204.70000000,1575849599999,10164.91960100,261,110821.50000000,4280.44489900,0
1575849600.0,0.03877000,0.03877000,0.03698000,0.03720000,573858.10000000,1575935999999,21866.58867500,321,292272.20000000,11118.13025900,0
1575936000.0,0.03719000,0.03746000,0.03604000,0.03637000,592044.80000000,1576022399999,21738.57453100,366,352240.30000000,12943.70516600,0
1576022400.0,0.03637000,0.03711000,0.03619000,0.03659000,241106.00000000,1576108799999,8821.44877700,236,129516.90000000,4741.02577700,0
1576108800.0,0.03672000,0.03694000,0.03600000,0.03655000,476248.10000000,1576195199999,17395.62387700,282,174770.10000000,6381.17694900,0
1576195200.0,0.03653000,0.03739000,0.03639000,0.03700000,497740.60000000,1576281599999,18467.51291700,330,102436.20000000,3787.60014300,0
1576281600.0,0.03728000,0.03736000,0.03578000,0.03623000,414455.50000000,1576367999999,15178.98071100,317,210930.80000000,7707.58597800,0
1576368000.0,0.03610000,0.03663000,0.03579000,0.03653000,331300.00000000,1576454399999,11985.03260000,258,126112.10000000,4575.68284400,0
1576454400.0,0.03645000,0.03659000,0.03321000,0.03411000,577249.60000000,1576540799999,20205.45073400,389,283436.50000000,9912.00557700,0
1576540800.0,0.03412000,0.03425000,0.03116000,0.03166000,440009.30000000,1576627199999,14438.93264000,344,265901.10000000,8714.93618400,0
1576627200.0,0.03157000,0.03471000,0.03050000,0.03441000,1139125.50000000,1576713599999,37251.43681900,443,536088.20000000,17536.46827600,0
1576713600.0,0.03452000,0.03467000,0.03280000,0.03304000,391218.70000000,1576799999999,13167.28746300,294,111740.40000000,3760.97148400,0
1576800000.0,0.03312000,0.03402000,0.03252000,0.03396000,444055.90000000,1576886399999,14813.02352600,322,269679.40000000,9015.97125100,0
1576886400.0,0.03381000,0.03388000,0.03291000,0.03308000,218813.80000000,1576972799999,7287.79017400,209,66093.50000000,2195.71298700,0
1576972800.0,0.03308000,0.03448000,0.03308000,0.03432000,408957.90000000,1577059199999,13836.14759100,257,279694.50000000,9476.99478200,0
1577059200.0,0.03457000,0.03462000,0.03286000,0.03309000,542774.60000000,1577145599999,18386.42508000,283,154251.60000000,5239.29365500,0
1577145600.0,0.03302000,0.03459000,0.03287000,0.03386000,733668.00000000,1577231999999,24919.14341000,327,469219.00000000,15945.84675100,0
1577232000.0,0.03400000,0.03404000,0.03288000,0.03343000,259116.50000000,1577318399999,8700.94915100,253,164199.00000000,5518.80124600,0
1577318400.0,0.03348000,0.03506000,0.03335000,0.03416000,1127255.50000000,1577404799999,37973.31769400,420,569081.60000000,19179.32698500,0
1577404800.0,0.03407000,0.03433000,0.03181000,0.03289000,560067.30000000,1577491199999,18487.18614500,258,166832.90000000,5543.67462600,0
1577491200.0,0.03296000,0.03416000,0.03286000,0.03368000,258356.30000000,1577577599999,8672.86240600,242,137081.20000000,4590.85829200,0
1577577600.0,0.03366000,0.03458000,0.03336000,0.03425000,342165.80000000,1577663999999,11558.65014100,249,94946.90000000,3214.56451800,0
1577664000.0,0.03412000,0.03435000,0.03305000,0.03344000,374648.30000000,1577750399999,12700.19977800,257,161129.00000000,5446.94733000,0
1577750400.0,0.03330000,0.03372000,0.03275000,0.03282000,260717.90000000,1577836799999,8675.98450800,264,85508.30000000,2852.88661800,0
1577836800.0,0.03277000,0.03374000,0.03271000,0.03346000,333132.30000000,1577923199999,11033.36733400,226,56584.50000000,1881.57259600,0
1577923200.0,0.03351000,0.03352000,0.03224000,0.03272000,257302.40000000,1578009599999,8463.88828100,230,162450.50000000,5343.27001500,0
1578009600.0,0.03272000,0.03443000,0.03241000,0.03403000,422872.00000000,1578095999999,14304.70797200,284,264982.60000000,8962.86335200,0
1578096000.0,0.03417000,0.03452000,0.03374000,0.03441000,199212.90000000,1578182399999,6793.24324600,203,79513.90000000,2716.87076700,0
1578182400.0,0.03436000,0.03533000,0.03424000,0.03455000,553095.40000000,1578268799999,19099.51761600,289,305772.20000000,10552.81975800,0
1578268800.0,0.03463000,0.03738000,0.03447000,0.03723000,470328.40000000,1578355199999,16888.64087500,288,265912.10000000,9578.49529700,0
1578355200.0,0.03743000,0.03812000,0.03648000,0.03704000,1208037.80000000,1578441599999,45016.09072300,426,543252.90000000,20298.64292000,0
1578441600.0,0.03715000,0.03870000,0.03590000,0.03641000,866492.30000000,1578527999999,32403.17773300,388,221556.20000000,8321.42234200,0
1578528000.0,0.03622000,0.03638000,0.03553000,0.03615000,386667.10000000,1578614399999,13921.99969100,246,156650.70000000,5644.76633200,0
1578614400.0,0.03627000,0.03713000,0.03473000,0.03688000,1032331.90000000,1578700799999,37085.49606500,491,395852.30000000,14299.93762900,0
1578700800.0,0.03674000,0.03791000,0.03648000,0.03676000,410417.20000000,1578787199999,15210.97891900,315,243505.20000000,9031.85017800,0
1578787200.0,0.03669000,0.03772000,0.03665000,0.03772000,294586.20000000,1578873599999,10959.71059000,251,137833.70000000,5123.07261000,0
1578873600.0,0.03791000,0.03791000,0.03671000,0.03695000,274143.00000000,1578959999999,10189.00781400,240,138893.20000000,5174.08212100,0
1578960000.0,0.03682000,0.04268000,0.03682000,0.04179000,1638901.20000000,1579046399999,64923.59208100,705,867692.20000000,34105.47749900,0
1579046400.0,0.04147000,0.04328000,0.04003000,0.04258000,914890.50000000,1579132799999,38096.76063000,380,456787.10000000,18990.16794200,0
1579132800.0,0.04309000,0.04309000,0.04022000,0.04139000,368597.90000000,1579219199999,15176.41930200,157,119209.60000000,4906.85506600,0
1579219200.0,0.04177000,0.04586000,0.04128000,0.04534000,1069553.00000000,1579305599999,46971.03401900,452,452462.10000000,19849.12405700,0
1579305600.0,0.04488000,0.04588000,0.04345000,0.04496000,719837.70000000,1579391999999,32175.78701700,290,309445.20000000,13855.88454200,0
1579392000.0,0.04503000,0.04604000,0.04147000,0.04204000,783138.10000000,1579478399999,33828.12615100,313,295322.50000000,12750.40383000,0
1579478400.0,0.04204000,0.04432000,0.04196000,0.04393000,304968.30000000,1579564799999,13133.13436600,120,115521.30000000,5022.32256300,0
1579564800.0,0.04376000,0.04679000,0.04364000,0.04622000,1680663.00000000,1579651199999,76071.82493900,590,559146.20000000,25481.15393500,0
1579651200.0,0.04621000,0.04644000,0.04523000,0.04582000,539413.80000000,1579737599999,24707.98628800,200,332525.90000000,15237.67931300,0
1579737600.0,0.04578000,0.04587000,0.04219000,0.04346000,1605493.30000000,1579823999999,70334.06506900,489,858782.20000000,37549.72171500,0
1579824000.0,0.04323000,0.04529000,0.04144000,0.04496000,1336860.50000000,1579910399999,58443.46790500,762,828557.70000000,36305.60062000,0
1579910400.0,0.04498000,0.04517000,0.04295000,0.04316000,963906.10000000,1579996799999,42049.28159100,485,478787.40000000,20961.75616100,0
1579996800.0,0.04314000,0.04451000,0.04294000,0.04434000,850651.50000000,1580083199999,37291.91793100,294,348471.60000000,15293.91239500,0
1580083200.0,0.04481000,0.04898000,0.04419000,0.04797000,1745869.70000000,1580169599999,81354.16753600,753,1101944.60000000,51302.59529700,0
1580169600.0,0.04805000,0.05456000,0.04756000,0.05298000,5954697.10000000,1580255999999,307347.86544200,1698,3059438.50000000,159443.01893900,0
1580256000.0,0.05292000,0.05755000,0.05276000,0.05350000,3427345.10000000,1580342399999,188688.16633600,1368,1102369.60000000,61170.85123600,0
1580342400.0,0.05344000,0.05748000,0.05224000,0.05628000,3181796.30000000,1580428799999,173295.63840200,1119,1436072.20000000,78835.37817300,0
1580428800.0,0.05609000,0.05684000,0.05226000,0.05394000,3319134.40000000,1580515199999,179491.19313300,1206,1148092.40000000,62129.32433300,0
1580515200.0,0.05402000,0.05733000,0.05318000,0.05621000,2194114.10000000,1580601599999,121890.31400000,1049,1298817.20000000,72400.97924000,0
1580601600.0,0.05594000,0.05866000,0.05479000,0.05566000,2985544.50000000,1580687999999,170246.92358200,1465,1489063.80000000,85155.09344200,0
1580688000.0,0.05564000,0.05785000,0.05535000,0.05704000,1299483.50000000,1580774399999,73602.02175700,1035,659211.80000000,37370.03680800,0
1580774400.0,0.05699000,0.05778000,0.05403000,0.05610000,1185101.70000000,1580860799999,66245.86767700,706,606426.20000000,33975.86846800,0
1580860800.0,0.05607000,0.06022000,0.05572000,0.05932000,1950598.10000000,1580947199999,114076.17363600,1108,1018180.50000000,59663.69172700,0
1580947200.0,0.05949000,0.06090000,0.05829000,0.06007000,2219621.50000000,1581033599999,132894.31237100,1040,1078966.30000000,64650.85071200,0
1581033600.0,0.06011000,0.06268000,0.05953000,0.05998000,2501182.10000000,1581119999999,152961.58176700,1030,1620089.70000000,99351.08252000,0
1581120000.0,0.05998000,0.06132000,0.05721000,0.06029000,2218838.90000000,1581206399999,132518.85591600,745,924958.70000000,55484.15606100,0
1581206400.0,0.06027000,0.06244000,0.06025000,0.06193000,1275831.60000000,1581292799999,78336.15234100,1088,844942.80000000,51901.22708200,0
1581292800.0,0.06189000,0.06204000,0.05867000,0.06038000,1184669.90000000,1581379199999,70957.68633800,912,610054.90000000,36491.26658700,0
1581379200.0,0.06026000,0.06332000,0.05900000,0.06332000,839908.90000000,1581465599999,50793.62809600,435,490126.00000000,29611.45351500,0
1581465600.0,0.06359000,0.07139000,0.06355000,0.06824000,3567134.20000000,1581551999999,241595.80929400,1283,1902002.90000000,129541.39785500,0
1581552000.0,0.06817000,0.07224000,0.06589000,0.06872000,2385723.20000000,1581638399999,165984.66735700,1851,1148001.40000000,79956.48606900,0
1581638400.0,0.06824000,0.07121000,0.06722000,0.07080000,870783.60000000,1581724799999,60443.57123600,632,280098.60000000,19535.38975700,0
1581724800.0,0.07089000,0.07133000,0.06252000,0.06373000,2142482.20000000,1581811199999,142428.05636000,1821,1053515.90000000,69574.96050300,0
1581811200.0,0.06412000,0.06729000,0.05684000,0.06187000,1802423.40000000,1581897599999,113070.00266100,1010,675153.50000000,42770.82422700,0
1581897600.0,0.06175000,0.06254000,0.05575000,0.06012000,1729376.50000000,1581983999999,101749.46921700,1122,642162.90000000,38017.18446400,0
1581984000.0,0.06023000,0.06344000,0.05754000,0.06275000,1656549.00000000,1582070399999,101010.49883100,1011,714500.90000000,43911.48904200,0
1582070400.0,0.06276000,0.06290000,0.05646000,0.05748000,1773696.40000000,1582156799999,107432.61148100,858,696243.90000000,42302.02077300,0
1582156800.0,0.05740000,0.05884000,0.05556000,0.05801000,1786355.90000000,1582243199999,102541.61135400,752,666940.30000000,38291.02216900,0
1582243200.0,0.05800000,0.05997000,0.05757000,0.05882000,776528.50000000,1582329599999,45802.02751600,446,351460.30000000,20737.47975400,0
1582329600.0,0.05846000,0.05897000,0.05713000,0.05803000,501806.20000000,1582415999999,29135.54346000,350,361873.90000000,21003.05051500,0
1582416000.0,0.05857000,0.06192000,0.05826000,0.06160000,764523.00000000,1582502399999,46501.59014800,502,469653.80000000,28651.21160000,0
1582502400.0,0.06168000,0.06185000,0.05732000,0.05896000,772016.70000000,1582588799999,46185.58096200,379,357736.20000000,21483.65650100,0
1582588800.0,0.05896000,0.05897000,0.05622000,0.05652000,1602124.00000000,1582675199999,92544.01059500,822,1175760.90000000,68145.19559700,0
1582675200.0,0.05593000,0.05616000,0.04680000,0.04939000,1820846.90000000,1582761599999,91496.09370300,616,544629.70000000,27134.07897300,0
1582761600.0,0.04915000,0.05214000,0.04628000,0.04989000,1265457.50000000,1582847999999,63290.42987500,748,564633.40000000,28364.13736600,0
1582848000.0,0.04999000,0.05138000,0.04662000,0.04897000,1352978.80000000,1582934399999,65870.65514700,660,677834.10000000,33227.24509800,0
1582934400.0,0.04933000,0.05003000,0.04716000,0.04716000,1112944.30000000,1583020799999,53758.30074400,311,399877.30000000,19310.17678500,0
1583020800.0,0.04741000,0.04818000,0.04516000,0.04570000,896911.00000000,1583107199999,41602.68618000,361,273732.80000000,12753.67789900,0
1583107200.0,0.04549000,0.04968000,0.04549000,0.04914000,1088016.20000000,1583193599999,52811.95308600,448,434247.90000000,20957.50691600,0
1583193600.0,0.04921000,0.04944000,0.04750000,0.04891000,603677.90000000,1583279999999,29184.52114700,266,197529.80000000,9546.02329200,0
1583280000.0,0.04880000,0.05028000,0.04808000,0.04896000,905986.80000000,1583366399999,44508.86647200,429,377072.40000000,18523.57690300,0
1583366400.0,0.04915000,0.05231000,0.04915000,0.05067000,903832.00000000,1583452799999,46145.43641600,405,346835.00000000,17682.20185400,0
1583452800.0,0.05101000,0.05170000,0.05010000,0.05170000,448222.20000000,1583539199999,22830.59358800,201,164917.90000000,8431.76646000,0
1583539200.0,0.05170000,0.05170000,0.04819000,0.04887000,473032.40000000,1583625599999,23586.93160200,279,332276.60000000,16530.98746100,0
1583625600.0,0.04875000,0.04875000,0.04252000,0.04270000,1450422.20000000,1583711999999,65221.09285500,536,638998.10000000,29219.28145800,0
1583712000.0,0.04289000,0.04388000,0.03899000,0.04090000,1293483.30000000,1583798399999,53856.28265100,395,375881.30000000,15681.79678700,0
1583798400.0,0.04148000,0.04292000,0.04036000,0.04149000,1240682.50000000,1583884799999,51531.66315300,394,479115.00000000,19885.34557800,0
1583884800.0,0.04151000,0.04179000,0.03732000,0.03952000,1335629.70000000,1583971199999,53049.21648000,439,551799.50000000,22088.88581500,0
1583971200.0,0.03952000,0.06900000,0.02222000,0.02286000,7108667.70000000,1584057599999,215535.34943500,2708,4338942.00000000,132667.15403900,0
1584057600.0,0.02417000,0.05000000,0.01840000,0.02858000,6560454.10000000,1584143999999,159466.45245300,1618,3711015.80000000,90658.93545600,0
1584144000.0,0.02828000,0.02873000,0.02569000,0.02590000,490698.60000000,1584230399999,13434.65711900,86,297522.30000000,8307.34221700,0
1584230400.0,0.02590000,0.02891000,0.02576000,0.02724000,1305370.10000000,1584316799999,35336.39717500,148,659332.70000000,17881.93578500,0
1584316800.0,0.02667000,0.02686000,0.02181000,0.02411000,1671617.40000000,1584403199999,39527.58606100,230,752354.00000000,17769.38744400,0
1584403200.0,0.02428000,0.02612000,0.02428000,0.02604000,163212.40000000,1584489599999,4192.58804500,33,92889.00000000,2389.08620100,0
1584489600.0,0.02584000,0.02640000,0.02462000,0.02594000,533749.90000000,1584575999999,13666.86020300,91,184416.00000000,4678.41079900,0
1584576000.0,0.02638000,0.03199000,0.02587000,0.03030000,1974577.00000000,1584662399999,59927.72388300,453,1232926.60000000,37137.65741200,0
1584662400.0,0.03057000,0.03385000,0.02701000,0.02929000,1766212.70000000,1584748799999,54092.13323400,403,800710.50000000,24940.53510100,0
1584748800.0,0.02935000,0.03052000,0.02803000,0.02933000,1106348.70000000,1584835199999,32750.00784700,262,601770.60000000,17874.89515700,0
1584835200.0,0.02936000,0.03030000,0.02696000,0.02709000,577972.40000000,1584921599999,16286.74186000,167,348336.00000000,9824.74278700,0
1584921600.0,0.02669000,0.02967000,0.02668000,0.02910000,2268187.30000000,1585007999999,64992.56582500,323,1376188.90000000,39576.81745900,0
1585008000.0,0.02935000,0.03027000,0.02877000,0.03023000,466706.90000000,1585094399999,13799.97374000,148,188630.00000000,5592.26397000,0
1585094400.0,0.03004000,0.03039000,0.02904000,0.02930000,614742.80000000,1585180799999,18367.31145000,136,291137.80000000,8705.42664300,0
1585180800.0,0.02969000,0.03080000,0.02929000,0.03079000,794522.50000000,1585267199999,23816.72100300,130,473860.40000000,14233.30557300,0
1585267200.0,0.03093000,0.03136000,0.02861000,0.02881000,1277201.20000000,1585353599999,38449.09798000,300,602048.70000000,18141.64873200,0
1585353600.0,0.02863000,0.02984000,0.02792000,0.02984000,599534.90000000,1585439999999,17066.11462000,105,231679.40000000,6633.51545500,0
1585440000.0,0.02976000,0.02984000,0.02809000,0.02829000,1157929.20000000,1585526399999,33336.72653700,185,329958.80000000,9524.63561600,0
1585526400.0,0.02815000,0.03044000,0.02815000,0.02969000,1653078.00000000,1585612799999,48005.66278400,264,754515.40000000,21990.53366400,0
1585612800.0,0.02995000,0.03059000,0.02960000,0.03051000,711975.40000000,1585699199999,21360.06410600,75,393140.70000000,11743.33717000,0
1585699200.0,0.03043000,0.03082000,0.02952000,0.03082000,621409.40000000,1585785599999,18710.77284000,121,350894.40000000,10580.65778500,0
1585785600.0,0.03096000,0.03371000,0.03077000,0.03203000,684132.80000000,1585871999999,21845.34281700,202,334361.40000000,10739.21583400,0
1585872000.0,0.03185000,0.03282000,0.03168000,0.03238000,659720.20000000,1585958399999,21157.82322300,229,368629.10000000,11854.03100300,0
1585958400.0,0.03208000,0.03249000,0.03160000,0.03232000,749316.60000000,1586044799999,24061.10636800,182,324210.00000000,10451.88240300,0
1586044800.0,0.03250000,0.03250000,0.03164000,0.03191000,554822.60000000,1586131199999,17819.36491900,143,268164.80000000,8617.95328000,0
1586131200.0,0.03197000,0.03594000,0.03197000,0.03594000,1064196.20000000,1586217599999,36076.82023100,298,389486.50000000,12862.19691800,0
1586217600.0,0.03642000,0.03698000,0.03472000,0.03517000,769760.30000000,1586303999999,27545.42718500,164,297100.20000000,10759.94410400,0
1586304000.0,0.03536000,0.03667000,0.03536000,0.03639000,989916.40000000,1586390399999,35724.73959600,210,266464.90000000,9635.50455700,0
1586390400.0,0.03636000,0.03651000,0.03542000,0.03604000,333717.30000000,1586476799999,12017.94465400,102,137256.60000000,4953.22293400,0
1586476800.0,0.03608000,0.03615000,0.03249000,0.03302000,2089421.90000000,1586563199999,69347.22148700,492,884164.80000000,29610.32709700,0
1586563200.0,0.03328000,0.03403000,0.03276000,0.03342000,834538.60000000,1586649599999,27975.13023400,158,649794.80000000,21819.13231800,0
1586649600.0,0.03355000,0.03486000,0.03311000,0.03336000,854318.80000000,1586735999999,29398.38817400,276,405523.20000000,13946.64013500,0
1586736000.0,0.03346000,0.03351000,0.03210000,0.03338000,994958.50000000,1586822399999,32534.43535300,238,387266.50000000,12687.40618600,0
1586822400.0,0.03316000,0.03364000,0.03284000,0.03303000,630140.70000000,1586908799999,21019.97000200,163,374784.80000000,12520.00713200,0
1586908800.0,0.03294000,0.03364000,0.03186000,0.03189000,526521.90000000,1586995199999,17152.05791300,124,443983.00000000,14438.02054300,0
1586995200.0,0.03180000,0.03510000,0.03104000,0.03441000,1436475.40000000,1587081599999,47734.99459200,337,1005618.90000000,33659.26785000,0
1587081600.0,0.03442000,0.03470000,0.03417000,0.03452000,330421.60000000,1587167999999,11355.90261300,147,132367.30000000,4563.23952300,0
1587168000.0,0.03452000,0.03683000,0.03450000,0.03679000,720311.00000000,1587254399999,25965.90243300,278,202643.50000000,7228.46282500,0
1587254400.0,0.03662000,0.03677000,0.03518000,0.03573000,469823.90000000,1587340799999,16893.61914700,150,203857.00000000,7373.29448900,0
1587340800.0,0.03542000,0.03663000,0.03383000,0.03403000,999010.10000000,1587427199999,34828.04658700,230,364739.20000000,12658.32065700,0
1587427200.0,0.03395000,0.03493000,0.03377000,0.03471000,1064633.90000000,1587513599999,36658.72795700,251,315860.10000000,10859.53843500,0
1587513600.0,0.03439000,0.03666000,0.03438000,0.03647000,779617.60000000,1587599999999,28126.02303800,166,536197.80000000,19374.60622800,0
1587600000.0,0.03656000,0.04235000,0.03641000,0.04086000,1551100.00000000,1587686399999,61170.02085500,523,743959.10000000,29314.81335900,0
1587686400.0,0.04090000,0.04386000,0.04090000,0.04146000,1598340.30000000,1587772799999,68459.59360400,607,844119.20000000,36218.87378400,0
1587772800.0,0.04164000,0.04358000,0.04111000,0.04225000,1800325.40000000,1587859199999,76224.66372200,481,344655.30000000,14725.71822700,0
1587859200.0,0.04209000,0.04615000,0.04190000,0.04580000,1295585.30000000,1587945599999,57213.07184300,525,610801.30000000,26888.21375600,0
1587945600.0,0.04600000,0.04753000,0.04441000,0.04654000,1618197.70000000,1588031999999,74557.28616300,659,834910.40000000,38497.44788400,0
1588032000.0,0.04640000,0.04772000,0.04606000,0.04714000,548840.90000000,1588118399999,25729.08643600,225,300260.30000000,14124.29445300,0
1588118400.0,0.04702000,0.05220000,0.04687000,0.05140000,2674035.70000000,1588204799999,135670.35990900,1875,2320729.80000000,117885.36844100,0
1588204800.0,0.05154000,0.05441000,0.04711000,0.04711000,3691542.20000000,1588291199999,188957.23116300,1351,1731017.70000000,89409.44559800,0
1588291200.0,0.04742000,0.05189000,0.04742000,0.05090000,1994085.60000000,1588377599999,101065.37294800,687,1000078.50000000,50792.68971300,0
1588377600.0,0.05089000,0.05137000,0.04953000,0.05074000,665698.30000000,1588463999999,33646.21496800,316,311455.00000000,15759.28841100,0
1588464000.0,0.05097000,0.05161000,0.04791000,0.04886000,1543046.20000000,1588550399999,76183.76351600,394,666802.10000000,32901.70456300,0
1588550400.0,0.04910000,0.05010000,0.04622000,0.04949000,1258734.10000000,1588636799999,60958.29081500,498,725396.10000000,35250.29101400,0
1588636800.0,0.04949000,0.05042000,0.04873000,0.04948000,1760335.00000000,1588723199999,87680.80600400,370,1080088.60000000,53837.11086400,0
1588723200.0,0.04921000,0.05108000,0.04879000,0.04902000,1188162.50000000,1588809599999,59417.20394500,503,639806.20000000,32010.82178000,0
1588809600.0,0.04873000,0.05186000,0.04844000,0.05131000,1104640.70000000,1588895999999,55609.23121300,609,617283.90000000,31074.73605800,0
1588896000.0,0.05138000,0.05372000,0.05097000,0.05173000,1545281.80000000,1588982399999,80694.94619100,971,747055.80000000,38865.76946800,0
1588982400.0,0.05180000,0.05321000,0.05150000,0.05164000,1313138.60000000,1589068799999,68676.61845500,688,801738.00000000,41980.68097200,0
1589068800.0,0.05154000,0.05154000,0.04276000,0.04777000,4464538.10000000,1589155199999,207267.71103900,1357,2891543.20000000,133773.36955000,0
1589155200.0,0.04759000,0.04999000,0.04495000,0.04802000,3273624.10000000,1589241599999,154495.91487600,1019,1693410.20000000,80009.32489800,0
1589241600.0,0.04785000,0.05106000,0.04785000,0.05039000,2325685.50000000,1589327999999,116850.90648800,620,1259099.90000000,63279.85779100,0
1589328000.0,0.05042000,0.05229000,0.04969000,0.05166000,1154164.70000000,1589414399999,59107.16207600,384,540148.90000000,27811.45375600,0
1589414400.0,0.05156000,0.05192000,0.05054000,0.05114000,2614386.20000000,1589500799999,134236.11442500,562,1146299.30000000,58949.02578600,0
1589500800.0,0.05083000,0.05190000,0.04989000,0.05012000,1109845.60000000,1589587199999,56385.94497100,256,537183.40000000,27363.98623600,0
1589587200.0,0.04998000,0.05130000,0.04998000,0.05100000,743991.10000000,1589673599999,37761.74824600,209,429081.90000000,21773.56567900,0
1589673600.0,0.05110000,0.05220000,0.05098000,0.05137000,633001.40000000,1589759999999,32575.17749700,180,434343.40000000,22372.28657200,0
1589760000.0,0.05149000,0.05495000,0.05149000,0.05422000,1391511.80000000,1589846399999,75129.57779900,320,710755.40000000,38415.27039200,0
1589846400.0,0.05432000,0.05697000,0.05266000,0.05680000,1873626.80000000,1589932799999,102422.32132200,482,1270519.90000000,69511.59102600,0
1589932800.0,0.05663000,0.05750000,0.05405000,0.05692000,1582118.60000000,1590019199999,88670.75313200,513,654333.90000000,36633.51184300,0
1590019200.0,0.05688000,0.05754000,0.05050000,0.05226000,2918587.60000000,1590105599999,157251.92936300,853,1240701.10000000,66448.13892200,0
1590105600.0,0.05189000,0.05697000,0.05146000,0.05575000,1861482.40000000,1590191999999,100912.19268400,533,1229440.50000000,66776.18259100,0
1590192000.0,0.05585000,0.05644000,0.05431000,0.05490000,1932611.20000000,1590278399999,107198.52357000,614,877332.00000000,48701.93519800,0
1590278400.0,0.05490000,0.05612000,0.05185000,0.05185000,1834710.60000000,1590364799999,99379.14757000,505,678481.60000000,36814.70193200,0
1590364800.0,0.05185000,0.05430000,0.05103000,0.05396000,1849795.60000000,1590451199999,97321.77980100,601,863334.60000000,45267.52848900,0
1590451200.0,0.05386000,0.05395000,0.05195000,0.05335000,1733983.90000000,1590537599999,91870.01620600,470,874160.30000000,46419.83405500,0
1590537600.0,0.05354000,0.05591000,0.05310000,0.05515000,1338005.90000000,1590623999999,73034.26674400,403,653326.40000000,35578.48414200,0
1590624000.0,0.05520000,0.06761000,0.05488000,0.06484000,6513487.80000000,1590710399999,399292.36947300,1556,3336845.30000000,203041.03215400,0
1590710400.0,0.06540000,0.06632000,0.06244000,0.06474000,6832680.30000000,1590796799999,437504.46910400,1260,2691818.80000000,174068.43828400,0
1590796800.0,0.06478000,0.07737000,0.06378000,0.07698000,7990397.80000000,1590883199999,575440.31117200,2134,4362249.40000000,314626.06340100,0
1590883200.0,0.07689000,0.08644000,0.07218000,0.07401000,14501423.20000000,1590969599999,1152144.23748800,4101,6237837.00000000,498155.95212500,0
1590969600.0,0.07401000,0.08302000,0.07360000,0.08092000,10196660.20000000,1591055999999,805431.53386000,3338,5099774.60000000,402613.31109600,0
1591056000.0,0.08092000,0.08241000,0.07000000,0.07882000,6133294.80000000,1591142399999,482459.41595300,2192,3169612.00000000,249181.34300400,0
1591142400.0,0.07853000,0.08585000,0.07717000,0.08543000,4838476.10000000,1591228799999,399710.05680800,1523,2324298.70000000,192080.09651800,0
1591228800.0,0.08553000,0.09030000,0.08402000,0.08880000,5126527.30000000,1591315199999,448450.59639500,1920,2529912.30000000,221406.54758900,0
1591315200.0,0.08914000,0.08915000,0.08401000,0.08517000,2186265.10000000,1591401599999,188633.75166300,745,1269322.00000000,109441.43019500,0
1591401600.0,0.08502000,0.08732000,0.08469000,0.08613000,1322412.40000000,1591487999999,113848.95889200,503,543492.90000000,46741.12832900,0
1591488000.0,0.08620000,0.08859000,0.08298000,0.08647000,3164181.90000000,1591574399999,271247.62845400,780,1426369.20000000,122538.12930800,0
1591574400.0,0.08665000,0.08685000,0.08470000,0.08635000,1738811.50000000,1591660799999,149051.59988200,412,1001720.70000000,85969.74615600,0
1591660800.0,0.08655000,0.08673000,0.08300000,0.08300000,2221015.90000000,1591747199999,187790.39495900,554,687703.90000000,58365.95953300,0
1591747200.0,0.08254000,0.08393000,0.07969000,0.08352000,4329406.80000000,1591833599999,352842.80881500,1096,2280202.00000000,185894.61771700,0
1591833600.0,0.08437000,0.08498000,0.07415000,0.07525000,5406838.10000000,1591919999999,424710.12548400,1333,2682048.00000000,212266.43912600,0
1591920000.0,0.07516000,0.08079000,0.07500000,0.07956000,3702011.20000000,1592006399999,288688.55182100,1032,1274298.00000000,99970.56795000,0
1592006400.0,0.07952000,0.07960000,0.07738000,0.07907000,815282.50000000,1592092799999,63775.08634400,272,556147.00000000,43521.18803600,0
1592092800.0,0.07900000,0.07900000,0.07583000,0.07712000,454052.60000000,1592179199999,34960.33238900,205,171378.00000000,13212.95138400,0
1592179200.0,0.07624000,0.07978000,0.06942000,0.07818000,3959784.80000000,1592265599999,290895.85756900,1231,2123536.20000000,156498.95280800,0
1592265600.0,0.07842000,0.07971000,0.07698000,0.07911000,1267624.40000000,1592351999999,99193.61885900,673,778808.70000000,60985.91707000,0
1592352000.0,0.07946000,0.08382000,0.07742000,0.08326000,2594619.20000000,1592438399999,211034.14711700,894,1063691.40000000,86128.27011100,0
1592438400.0,0.08346000,0.08443000,0.08007000,0.08216000,2102363.00000000,1592524799999,173813.29219800,796,1051033.40000000,87074.93287700,0
1592524800.0,0.08172000,0.08192000,0.07856000,0.07978000,1306588.70000000,1592611199999,104355.90395400,495,616145.70000000,49274.09467200,0
1592611200.0,0.07997000,0.08018000,0.07719000,0.07960000,636244.90000000,1592697599999,50047.12265500,231,304503.50000000,23979.26831800,0
1592697600.0,0.07980000,0.08087000,0.07810000,0.07841000,713134.70000000,1592783999999,56785.03357900,248,349944.80000000,27907.52942200,0
1592784000.0,0.07837000,0.08392000,0.07829000,0.08367000,1221790.10000000,1592870399999,99414.12110700,389,613818.30000000,50135.04572600,0
1592870400.0,0.08374000,0.08473000,0.08176000,0.08280000,1235432.30000000,1592956799999,103011.11117900,354,586830.20000000,49033.04484800,0
1592956800.0,0.08274000,0.08715000,0.08008000,0.08240000,2516322.40000000,1593043199999,209901.03528100,894,1234054.20000000,102819.54092400,0
1593043200.0,0.08247000,0.08295000,0.07874000,0.08172000,1238397.20000000,1593129599999,100373.63731800,448,558363.10000000,45481.68938400,0
1593129600.0,0.08168000,0.08174000,0.07962000,0.08050000,581848.10000000,1593215999999,46860.09747200,295,259425.10000000,20910.85327300,0
1593216000.0,0.08043000,0.08092000,0.07412000,0.07755000,2337552.10000000,1593302399999,181872.16673900,621,965100.80000000,75485.70891300,0
1593302400.0,0.07710000,0.08105000,0.07609000,0.08032000,1268801.90000000,1593388799999,100114.30657700,402,690107.00000000,54539.43624000,0
1593388800.0,0.08030000,0.08432000,0.08030000,0.08383000,1287169.20000000,1593475199999,106529.59158800,541,616050.30000000,51127.31478400,0
1593475200.0,0.08383000,0.08472000,0.08197000,0.08335000,2275313.60000000,1593561599999,189880.67780100,1268,1788747.00000000,149239.55609300,0
1593561600.0,0.08337000,0.09908000,0.08299000,0.09777000,5021196.90000000,1593647999999,458036.08344500,2401,3728697.60000000,341163.16699200,0
1593648000.0,0.09776000,0.10389000,0.08786000,0.09309000,5438434.00000000,1593734399999,505651.23825800,1640,2184228.30000000,204393.31546800,0
1593734400.0,0.09298000,0.10182000,0.09233000,0.09653000,5017333.80000000,1593820799999,488705.25673200,2288,2735358.80000000,266703.82780100,0
1593820800.0,0.09627000,0.10102000,0.09607000,0.10000000,3288010.20000000,1593907199999,323864.02157600,1493,1564228.40000000,154327.92969000,0
1593907200.0,0.09972000,0.09984000,0.09439000,0.09845000,3114620.40000000,1593993599999,300702.41276400,1115,1335353.30000000,128591.65688900,0
1593993600.0,0.09816000,0.10648000,0.09731000,0.10506000,3196019.60000000,1594079999999,324889.07242000,1385,1592677.60000000,161954.10397100,0
1594080000.0,0.10554000,0.11893000,0.10297000,0.11770000,6432559.00000000,1594166399999,716472.01892900,2103,3151999.70000000,350711.03889200,0
1594166400.0,0.11768000,0.13927000,0.11486000,0.12984000,18440527.30000000,1594252799999,2381575.06773100,6973,8645010.20000000,1115418.72743100,0
1594252800.0,0.12962000,0.12962000,0.11753000,0.12404000,6307135.70000000,1594339199999,766405.03875300,2570,3683333.60000000,446405.80690000,0
1594339200.0,0.12401000,0.12401000,0.11046000,0.11816000,6658810.10000000,1594425599999,778417.47836900,2859,2950307.80000000,344724.37446200,0
1594425600.0,0.11855000,0.12703000,0.11779000,0.12537000,3418674.70000000,1594511999999,420837.79250900,1360,1601426.20000000,197240.01163500,0
1594512000.0,0.12542000,0.12878000,0.12043000,0.12705000,1867237.30000000,1594598399999,232869.56155600,1031,837410.80000000,104653.87586600,0
1594598400.0,0.12705000,0.13547000,0.12200000,0.12446000,4692097.60000000,1594684799999,611254.44592100,2021,2284827.00000000,297784.93837400,0
1594684800.0,0.12431000,0.13469000,0.12110000,0.13259000,5262791.30000000,1594771199999,680335.40580100,1918,2730459.90000000,353859.79571800,0
1594771200.0,0.13211000,0.13276000,0.12735000,0.13064000,2971788.70000000,1594857599999,388088.80089900,1368,1771828.30000000,231535.88814700,0
1594857600.0,0.13055000,0.13316000,0.11853000,0.12638000,4971996.50000000,1594943999999,625633.38135600,2062,2645591.20000000,333437.10823700,0
1594944000.0,0.12621000,0.12638000,0.12186000,0.12224000,1191591.00000000,1595030399999,147776.16286700,741,676917.70000000,84042.83483300,0
1595030400.0,0.12209000,0.12456000,0.11837000,0.12270000,1575337.70000000,1595116799999,191229.14539600,819,760988.50000000,92240.99785700,0
1595116800.0,0.12245000,0.12462000,0.12121000,0.12399000,1131749.30000000,1595203199999,139620.89986000,300,820233.70000000,101265.62910800,0
1595203200.0,0.12427000,0.12433000,0.11669000,0.11780000,1292740.10000000,1595289599999,156102.12427500,502,659976.50000000,79913.09473400,0
1595289600.0,0.11759000,0.12463000,0.11677000,0.12290000,1763768.30000000,1595375999999,214898.52296300,685,962200.80000000,117271.35571900,0
1595376000.0,0.12291000,0.12458000,0.12066000,0.12420000,1790260.20000000,1595462399999,220253.93986200,743,674342.40000000,82738.89031200,0
1595462400.0,0.12421000,0.12628000,0.12382000,0.12410000,1572915.30000000,1595548799999,196291.68144700,780,780297.40000000,97479.60716900,0
1595548800.0,0.12418000,0.12418000,0.12052000,0.12209000,1311594.50000000,1595635199999,160657.47806400,402,737358.60000000,90278.57309500,0
1595635200.0,0.12212000,0.14562000,0.12212000,0.14351000,5843496.40000000,1595721599999,787549.90708000,2358,3554332.10000000,478471.33054900,0
1595721600.0,0.14334000,0.15456000,0.14093000,0.14867000,8818002.40000000,1595807999999,1297050.46382200,2447,4025227.90000000,591499.83867100,0
1595808000.0,0.14855000,0.14964000,0.13000000,0.13880000,8799331.30000000,1595894399999,1225751.05605800,2293,4577721.90000000,636903.90741500,0
1595894400.0,0.13777000,0.15097000,0.13462000,0.14905000,5420544.00000000,1595980799999,773165.48936700,1668,2975848.20000000,424922.19220000,0
1595980800.0,0.14905000,0.14987000,0.13900000,0.13987000,2650412.40000000,1596067199999,380857.44060300,1444,1653242.20000000,237482.95857000,0
1596067200.0,0.13997000,0.14259000,0.13715000,0.14078000,1854940.00000000,1596153599999,259410.74323700,1202,1022352.50000000,143012.30585400,0
1596153600.0,0.14104000,0.14137000,0.13583000,0.13927000,1129559.10000000,1596239999999,156953.32075900,831,664838.60000000,92523.27266300,0
1596240000.0,0.13858000,0.14704000,0.13858000,0.14469000,3887175.00000000,1596326399999,550011.54700500,1562,1978412.50000000,280353.54906100,0
1596326400.0,0.14482000,0.14846000,0.12612000,0.13384000,3890362.80000000,1596412799999,527407.49622600,2263,2220386.70000000,299860.45134800,0
1596412800.0,0.13401000,0.13925000,0.13194000,0.13677000,1084978.10000000,1596499199999,149078.50840100,868,614149.20000000,84383.36329600,0
1596499200.0,0.13735000,0.14849000,0.13689000,0.14310000,2570732.50000000,1596585599999,369616.58111200,1385,745430.30000000,107060.87153700,0
1596585600.0,0.14404000,0.14560000,0.14000000,0.14264000,1541895.00000000,1596671999999,221108.06046000,905,955689.50000000,137148.33236100,0
1596672000.0,0.14265000,0.14591000,0.14015000,0.14434000,951487.30000000,1596758399999,135957.04659000,702,480381.60000000,68524.84263900,0
1596758400.0,0.14500000,0.14750000,0.13895000,0.13900000,640852.40000000,1596844799999,92197.49168600,531,372674.70000000,53611.72721100,0
1596844800.0,0.13873000,0.14789000,0.13738000,0.14644000,1174534.70000000,1596931199999,168042.13984200,508,424650.50000000,60912.52512600,0
1596931200.0,0.14704000,0.15220000,0.14230000,0.14515000,1491483.70000000,1597017599999,218956.34475800,822,769485.10000000,112922.37155800,0
1597017600.0,0.14579000,0.14626000,0.14198000,0.14393000,1093333.40000000,1597103999999,157537.65610800,527,646579.70000000,93273.01046900,0
1597104000.0,0.14412000,0.14432000,0.13179000,0.13668000,832059.40000000,1597190399999,114945.04092600,612,407138.70000000,56259.67651700,0
1597190400.0,0.13577000,0.13772000,0.12356000,0.13646000,1885572.00000000,1597276799999,249898.52426100,719,1032331.80000000,137436.87533800,0
1597276800.0,0.13678000,0.14276000,0.13193000,0.13899000,1531408.20000000,1597363199999,210518.57307500,768,793852.60000000,109470.09028100,0
1597363200.0,0.13946000,0.14090000,0.13748000,0.13810000,916106.20000000,1597449599999,127548.95219900,561,600653.60000000,83665.70633700,0
1597449600.0,0.13869000,0.14172000,0.13630000,0.13826000,1268309.70000000,1597535999999,175234.38542300,699,718893.90000000,99227.53250500,0
1597536000.0,0.13848000,0.13947000,0.13562000,0.13869000,1561542.00000000,1597622399999,214861.90865400,772,950461.50000000,130786.17578400,0
1597622400.0,0.13870000,0.14465000,0.13743000,0.14077000,1213969.60000000,1597708799999,172033.70795200,931,785323.80000000,111489.61764400,0
1597708800.0,0.14026000,0.14405000,0.13413000,0.13703000,1135369.20000000,1597795199999,156109.56237800,520,310694.80000000,43001.51284500,0
1597795200.0,0.13703000,0.13723000,0.12623000,0.12971000,1315882.90000000,1597881599999,172616.74272800,594,707127.30000000,92893.46120600,0
1597881600.0,0.12985000,0.13460000,0.12649000,0.13400000,718959.00000000,1597967999999,93721.86418000,392,439183.30000000,57285.29064000,0
1597968000.0,0.13407000,0.13416000,0.12155000,0.12282000,2333111.50000000,1598054399999,298779.79369600,738,699533.20000000,89524.75229200,0
1598054400.0,0.12296000,0.12606000,0.11822000,0.12558000,1235434.50000000,1598140799999,151343.13515600,454,616994.20000000,75774.61590600,0
1598140800.0,0.12524000,0.12530000,0.11939000,0.12136000,526947.20000000,1598227199999,64506.07999400,250,254129.00000000,31053.49689500,0
1598227200.0,0.12157000,0.12696000,0.12016000,0.12396000,574970.30000000,1598313599999,71439.69614200,271,252573.10000000,31355.23451800,0
1598313600.0,0.12366000,0.12366000,0.10542000,0.11314000,3495767.30000000,1598399999999,395758.89024300,1250,1973803.90000000,223126.56862200,0
1598400000.0,0.11234000,0.11813000,0.11036000,0.11465000,1056823.90000000,1598486399999,120770.85442800,381,626679.70000000,71638.34944900,0
1598486400.0,0.11441000,0.11558000,0.10232000,0.10701000,4159384.30000000,1598572799999,446798.29278900,1374,1600523.60000000,173320.42924700,0
1598572800.0,0.10735000,0.11139000,0.10629000,0.10963000,1396356.00000000,1598659199999,152377.13559400,463,712450.80000000,77766.73070700,0
1598659200.0,0.10936000,0.11784000,0.10820000,0.11617000,1769505.10000000,1598745599999,200344.63648300,345,657702.90000000,74258.30466200,0
1598745600.0,0.11644000,0.11844000,0.11391000,0.11739000,664983.60000000,1598831999999,77266.50689500,269,397240.90000000,46111.19209800,0
1598832000.0,0.11758000,0.12673000,0.11302000,0.12232000,2384235.10000000,1598918399999,289643.62219800,898,1427366.50000000,174175.71095100,0
1598918400.0,0.12261000,0.12769000,0.11867000,0.12441000,1566550.30000000,1599004799999,193273.16303900,663,795513.40000000,98107.15983900,0
1599004800.0,0.12480000,0.12607000,0.11104000,0.11506000,1971160.10000000,1599091199999,233240.95273600,684,831784.00000000,98544.02134700,0
1599091200.0,0.11461000,0.11675000,0.09228000,0.09503000,3434854.50000000,1599177599999,359924.07057100,1383,1744852.40000000,184852.69990700,0
1599177600.0,0.09468000,0.10385000,0.09064000,0.10232000,7318503.20000000,1599263999999,721268.95723800,2149,3437503.60000000,339710.51306400,0
1599264000.0,0.10134000,0.10382000,0.08623000,0.08997000,5055608.50000000,1599350399999,468039.21942800,1671,2455773.60000000,226993.07667400,0
1599350400.0,0.08936000,0.09584000,0.08577000,0.09280000,4645309.60000000,1599436799999,426040.14681700,1367,2101754.10000000,192045.30434700,0
1599436800.0,0.09331000,0.09407000,0.08626000,0.09317000,2425560.40000000,1599523199999,216912.77593500,744,1530941.20000000,136867.63851600,0
1599523200.0,0.09397000,0.09678000,0.08873000,0.09109000,2831222.60000000,1599609599999,257787.57066300,751,1625674.70000000,148090.71039600,0
1599609600.0,0.09061000,0.09572000,0.08958000,0.09316000,1153114.30000000,1599695999999,106323.43254800,351,431415.40000000,39882.57256600,0
1599696000.0,0.09396000,0.09950000,0.09396000,0.09727000,1087489.60000000,1599782399999,105321.26593500,428,844463.30000000,81791.27715700,0
1599782400.0,0.09732000,0.09746000,0.09346000,0.09681000,921100.20000000,1599868799999,87811.63682400,290,398724.90000000,38083.44051500,0
1599868800.0,0.09610000,0.09818000,0.09446000,0.09726000,826738.20000000,1599955199999,79941.02256100,295,310752.90000000,30059.43325400,0
1599955200.0,0.09768000,0.09977000,0.09249000,0.09498000,1250454.20000000,1600041599999,120398.00533800,415,802813.70000000,77260.62619000,0
1600041600.0,0.09405000,0.09770000,0.09350000,0.09678000,992225.30000000,1600127999999,95403.45332200,308,513124.00000000,49454.35319900,0
1600128000.0,0.09696000,0.09797000,0.09300000,0.09300000,790107.40000000,1600214399999,75191.68707800,298,409143.00000000,38970.73475800,0
1600214400.0,0.09306000,0.09306000,0.08963000,0.09173000,1872612.20000000,1600300799999,170148.47684200,369,961656.90000000,87365.81758000,0
1600300800.0,0.09151000,0.09458000,0.09108000,0.09410000,715246.90000000,1600387199999,66343.20493900,231,410717.90000000,38088.43299500,0
1600387200.0,0.09402000,0.09402000,0.08987000,0.09080000,721287.50000000,1600473599999,66707.63245600,238,366331.50000000,33845.11914300,0
1600473600.0,0.09077000,0.09312000,0.09070000,0.09142000,403008.00000000,1600559999999,37145.14378900,154,249296.00000000,22979.76458700,0
1600560000.0,0.09092000,0.09210000,0.08767000,0.08924000,983382.10000000,1600646399999,88384.54701300,246,397201.00000000,35851.24822800,0
1600646400.0,0.08933000,0.09006000,0.07728000,0.08046000,2001983.30000000,1600732799999,164646.21283000,531,822508.90000000,67758.36898200,0
1600732800.0,0.07974000,0.08318000,0.07931000,0.08157000,648703.60000000,1600819199999,53061.86539400,185,348828.30000000,28576.00157800,0
1600819200.0,0.08191000,0.08246000,0.07527000,0.07666000,1595019.50000000,1600905599999,125186.91183600,421,627722.90000000,49779.09622000,0
1600905600.0,0.07648000,0.08357000,0.07564000,0.08261000,1435404.40000000,1600991999999,115078.15357100,417,768527.90000000,61679.04143800,0
1600992000.0,0.08261000,0.09840000,0.08261000,0.09693000,3834413.20000000,1601078399999,349910.68717600,1002,2146111.70000000,196048.92028700,0
1601078400.0,0.09751000,0.09986000,0.09264000,0.09546000,1472137.80000000,1601164799999,141747.92512200,278,684990.50000000,66094.96837600,0
1601164800.0,0.09575000,0.10262000,0.09444000,0.10101000,2585613.40000000,1601251199999,255895.97136700,389,1518658.80000000,150643.14196100,0
1601251200.0,0.10195000,0.10635000,0.09978000,0.10050000,1438575.30000000,1601337599999,149215.71012500,393,888763.30000000,92489.25206900,0
1601337600.0,0.09989000,0.10359000,0.09749000,0.10142000,990723.50000000,1601423999999,99449.18842200,297,430662.80000000,43158.18272700,0
1601424000.0,0.10136000,0.10161000,0.09678000,0.10114000,729395.80000000,1601510399999,72582.54186500,202,501157.00000000,50077.50627700,0
1601510400.0,0.10139000,0.10427000,0.09461000,0.09777000,1627892.80000000,1601596799999,160734.78085100,552,479571.90000000,47891.83960000,0
1601596800.0,0.09726000,0.10005000,0.08974000,0.09272000,1572007.80000000,1601683199999,147942.41524000,447,696317.00000000,65158.00161900,0
1601683200.0,0.09298000,0.09519000,0.09225000,0.09370000,562085.80000000,1601769599999,52802.72440200,247,404934.50000000,38061.27868400,0
1601769600.0,0.09327000,0.09806000,0.09230000,0.09717000,829926.80000000,1601855999999,79319.70604300,235,358238.90000000,34407.23947800,0
1601856000.0,0.09660000,0.09948000,0.09607000,0.09751000,441660.70000000,1601942399999,43137.75317000,135,209350.70000000,20521.61144100,0
1601942400.0,0.09762000,0.09843000,0.09138000,0.09315000,862265.20000000,1602028799999,81268.72675700,306,539604.70000000,50772.32312100,0
1602028800.0,0.09183000,0.09436000,0.08949000,0.09350000,881505.30000000,1602115199999,81195.25954900,208,414982.80000000,37876.94391000,0
1602115200.0,0.09343000,0.09684000,0.08993000,0.09606000,1001073.60000000,1602201599999,93865.86524100,242,406393.00000000,38215.31040200,0
1602201600.0,0.09636000,0.10248000,0.09471000,0.10130000,1532261.40000000,1602287999999,150892.10941800,567,304189.00000000,29923.92434600,0
1602288000.0,0.10137000,0.11132000,0.10137000,0.10480000,2656293.00000000,1602374399999,283305.44784600,882,1507785.40000000,160715.67288500,0
1602374400.0,0.10525000,0.10866000,0.10439000,0.10603000,2270923.20000000,1602460799999,242326.41132000,634,1304763.30000000,139314.12349500,0
1602460800.0,0.10657000,0.11364000,0.10246000,0.10955000,2074147.60000000,1602547199999,225371.57298600,685,1079306.60000000,117096.34174700,0
1602547200.0,0.10870000,0.11408000,0.10772000,0.10929000,1487040.10000000,1602633599999,164234.37444100,539,618890.90000000,68421.48639500,0
1602633600.0,0.10954000,0.11205000,0.10536000,0.10740000,1186026.50000000,1602719999999,129929.26622800,417,575267.70000000,62948.32156300,0
1602720000.0,0.10697000,0.10761000,0.10447000,0.10670000,495398.30000000,1602806399999,52650.81527300,212,180243.60000000,19176.17944500,0
1602806400.0,0.10594000,0.10725000,0.10232000,0.10401000,925730.00000000,1602892799999,97001.24127700,229,462572.60000000,48365.02914900,0
1602892800.0,0.10403000,0.10721000,0.10332000,0.10605000,567946.00000000,1602979199999,60087.70464700,140,155282.60000000,16439.56616600,0
1602979200.0,0.10579000,0.10763000,0.10517000,0.10740000,236042.50000000,1603065599999,25110.26293000,58,96180.60000000,10259.72359500,0
1603065600.0,0.10752000,0.11100000,0.10608000,0.10861000,729514.20000000,1603151999999,79367.55531100,230,270160.60000000,29403.46443000,0
1603152000.0,0.10846000,0.10869000,0.10086000,0.10193000,1011768.10000000,1603238399999,105208.89139300,345,491397.50000000,51181.49579700,0
1603238400.0,0.10206000,0.10847000,0.10168000,0.10590000,2078975.60000000,1603324799999,220324.13815200,639,1005473.40000000,106455.34771000,0
1603324800.0,0.10624000,0.11270000,0.10517000,0.11060000,1790895.20000000,1603411199999,195584.43363400,467,852570.30000000,94075.40304200,0
1603411200.0,0.11036000,0.11211000,0.10538000,0.10799000,846283.90000000,1603497599999,92428.38960300,296,428154.80000000,46721.87960800,0
1603497600.0,0.10814000,0.10981000,0.10731000,0.10809000,597813.20000000,1603583999999,65003.12388400,174,144064.40000000,15680.54232900,0
1603584000.0,0.10721000,0.10873000,0.10600000,0.10648000,270353.00000000,1603670399999,28966.73120500,100,66805.50000000,7177.43852700,0
1603670400.0,0.10599000,0.10757000,0.09907000,0.10322000,1391116.60000000,1603756799999,142247.55123300,468,868935.70000000,89288.35746700,0
1603756800.0,0.10298000,0.10561000,0.10205000,0.10275000,704648.70000000,1603843199999,73066.52336200,252,318692.50000000,33080.87506700,0
1603843200.0,0.10233000,0.10303000,0.09530000,0.09896000,1839917.20000000,1603929599999,180963.91465200,518,669247.30000000,66205.95907200,0
1603929600.0,0.09894000,0.10067000,0.09496000,0.09535000,1265867.30000000,1604015999999,124145.84394600,263,521532.40000000,51051.61002200,0
1604016000.0,0.09487000,0.09572000,0.08946000,0.09354000,2180974.70000000,1604102399999,201415.26718000,393,929497.60000000,85891.92717100,0
1604102400.0,0.09289000,0.09536000,0.09212000,0.09267000,752629.80000000,1604188799999,70612.76717600,223,401836.60000000,37709.03922400,0
1604188800.0,0.09276000,0.09845000,0.09253000,0.09711000,821752.60000000,1604275199999,77622.94341300,162,587872.30000000,55364.09485300,0
1604275200.0,0.09836000,0.09989000,0.09159000,0.09253000,1373885.10000000,1604361599999,130277.24848400,336,897684.60000000,84594.62688600,0
1604361600.0,0.09247000,0.09403000,0.08805000,0.09349000,1660138.50000000,1604447999999,151447.35567000,466,884102.80000000,80485.12032200,0
1604448000.0,0.09346000,0.09609000,0.09166000,0.09594000,1090698.40000000,1604534399999,102689.71067100,286,586406.00000000,55257.10447500,0
1604534400.0,0.09544000,0.09800000,0.09220000,0.09763000,1304825.80000000,1604620799999,124610.24619200,388,714045.40000000,68161.92713200,0
1604620800.0,0.09747000,0.10992000,0.09747000,0.10902000,2218343.90000000,1604707199999,232232.56864100,743,1053049.20000000,109767.61547900,0
1604707200.0,0.10955000,0.11382000,0.09882000,0.10141000,3045164.80000000,1604793599999,322249.90052600,1024,1736765.20000000,184135.83914700,0
1604793600.0,0.10100000,0.10820000,0.09979000,0.10668000,714969.80000000,1604879999999,75277.61075300,313,303823.20000000,32172.34530100,0
1604880000.0,0.10670000,0.10762000,0.10120000,0.10544000,964087.60000000,1604966399999,100610.61281900,460,462283.00000000,48411.99798300,0
1604966400.0,0.10548000,0.10880000,0.10362000,0.10573000,1273632.30000000,1605052799999,135177.77812200,431,426728.00000000,45101.07083400,0
1605052800.0,0.10607000,0.10873000,0.10582000,0.10631000,689613.20000000,1605139199999,74080.46992800,212,252869.20000000,27149.91918400,0
1605139200.0,0.10512000,0.10637000,0.10284000,0.10467000,959784.80000000,1605225599999,100178.61225200,408,461292.90000000,48239.79608700,0
1605225600.0,0.10478000,0.10791000,0.10428000,0.10630000,965334.10000000,1605311999999,102918.61172400,254,610434.70000000,65151.27948300,0
1605312000.0,0.10657000,0.10710000,0.10161000,0.10464000,413620.60000000,1605398399999,43185.07445300,218,201157.10000000,20998.57627300,0
1605398400.0,0.10440000,0.10495000,0.09853000,0.10079000,592513.30000000,1605484799999,60447.32675400,246,265044.00000000,27007.41138100,0
1605484800.0,0.10024000,0.10488000,0.09974000,0.10402000,490916.20000000,1605571199999,50603.89962900,214,232921.10000000,23973.72851500,0
1605571200.0,0.10352000,0.11193000,0.10352000,0.10960000,1456095.70000000,1605657599999,158313.28345400,604,759739.20000000,82461.10540300,0
1605657600.0,0.10965000,0.11145000,0.10345000,0.10643000,2110196.40000000,1605743999999,225151.31617400,716,1276809.70000000,135989.07544200,0
1605744000.0,0.10671000,0.10794000,0.10438000,0.10586000,922507.20000000,1605830399999,98091.37686400,355,358364.70000000,38109.33932900,0
1605830400.0,0.10589000,0.11884000,0.10566000,0.11817000,2177928.80000000,1605916799999,241248.29831300,907,1008319.30000000,111679.96894000,0
1605916800.0,0.11848000,0.13445000,0.11628000,0.13343000,5825392.40000000,1606003199999,729508.04422900,2374,3089550.20000000,387049.77788300,0
1606003200.0,0.13395000,0.15327000,0.12024000,0.14606000,14203310.40000000,1606089599999,1919690.91782300,6592,6951287.10000000,933397.12382700,0
1606089600.0,0.14684000,0.15923000,0.14089000,0.15446000,8184096.40000000,1606175999999,1237679.78095500,4826,4844648.10000000,735691.42484200,0
1606176000.0,0.15463000,0.18286000,0.15159000,0.16722000,16532415.30000000,1606262399999,2744505.45185100,8101,9134699.20000000,1520863.86307800,0
1606262400.0,0.16723000,0.17542000,0.14679000,0.15506000,7626180.50000000,1606348799999,1263296.81685000,4693,4696085.90000000,779196.82550900,0
1606348800.0,0.15478000,0.17109000,0.12601000,0.15400000,4099358.80000000,1606435199999,579132.26695600,2738,2389098.80000000,341082.84748000,0
1606435200.0,0.14671000,0.14671000,0.13089000,0.14179000,4609740.30000000,1606521599999,626792.41095700,2174,3043151.80000000,412487.74291400,0
1606521600.0,0.14202000,0.17205000,0.13899000,0.16495000,6857117.20000000,1606607999999,1096984.84672900,3961,3572395.80000000,569153.03534000,0
1606608000.0,0.16479000,0.17106000,0.15673000,0.16685000,4760534.40000000,1606694399999,779052.37675100,2379,2330850.90000000,382108.65076000,0
1606694400.0,0.16675000,0.17374000,0.16010000,0.17242000,7274121.00000000,1606780799999,1223156.49790500,3299,4067827.20000000,682911.56582100,0
1606780800.0,0.17219000,0.17422000,0.14500000,0.15616000,9393513.40000000,1606867199999,1497559.26942300,4970,5628830.10000000,898415.44083200,0
1606867200.0,0.15569000,0.16004000,0.15082000,0.15841000,2874697.90000000,1606953599999,449942.26668500,1480,1481604.10000000,232086.05329800,0
1606953600.0,0.15966000,0.16832000,0.15558000,0.16425000,3363951.00000000,1607039999999,545518.39480300,1654,1834565.60000000,298045.93497600,0
1607040000.0,0.16378000,0.16447000,0.14648000,0.14761000,5042341.30000000,1607126399999,789548.97618400,2074,2427557.90000000,382045.14979400,0
1607126400.0,0.14760000,0.16182000,0.14613000,0.15985000,3742584.90000000,1607212799999,585102.34146500,1811,1714695.00000000,267075.03101000,0
1607212800.0,0.16005000,0.16279000,0.15327000,0.15851000,3280904.00000000,1607299199999,517149.63295100,1380,1874580.20000000,294678.21560800,0
1607299200.0,0.15891000,0.15891000,0.15156000,0.15420000,1068569.30000000,1607385599999,165458.91857200,544,598773.70000000,92792.19512900,0
1607385600.0,0.15413000,0.15510000,0.13822000,0.14122000,4739071.80000000,1607471999999,690737.14694400,1831,2345650.90000000,342641.80205600,0
1607472000.0,0.14113000,0.15010000,0.13007000,0.14799000,5078846.20000000,1607558399999,712252.06337200,2597,2632619.00000000,369052.64744700,0
1607558400.0,0.14827000,0.14854000,0.13930000,0.14148000,2631662.60000000,1607644799999,379614.87466300,1218,1457015.90000000,210347.69477500,0
1607644800.0,0.14257000,0.14293000,0.13487000,0.13940000,1982104.40000000,1607731199999,274599.23427500,923,1250570.10000000,173197.77281800,0
1607731200.0,0.13911000,0.14735000,0.13888000,0.14409000,2068577.10000000,1607817599999,299535.94875200,947,874963.70000000,126850.85075600,0
1607817600.0,0.14422000,0.15673000,0.14295000,0.15398000,2540117.40000000,1607903999999,385521.94393500,1356,1386324.60000000,208939.74009700,0
1607904000.0,0.15358000,0.15854000,0.14964000,0.15854000,2233361.50000000,1607990399999,344025.08319800,885,1220697.60000000,188312.32484400,0
1607990400.0,0.15885000,0.16001000,0.15288000,0.15442000,2122459.70000000,1608076799999,331456.29816700,811,1323000.80000000,207163.61810400,0
1608076800.0,0.15383000,0.16829000,0.14929000,0.16789000,3584086.60000000,1608163199999,572512.26020800,1570,2148040.60000000,343085.00710100,0
1608163200.0,0.16841000,0.17623000,0.16104000,0.16341000,6397292.10000000,1608249599999,1076691.38584900,3314,3452731.60000000,581649.51744600,0
1608249600.0,0.16343000,0.16939000,0.15865000,0.16456000,3752580.80000000,1608335999999,614168.92960900,1609,1966740.20000000,321578.60792200,0
1608336000.0,0.16520000,0.17065000,0.16325000,0.16440000,2354280.90000000,1608422399999,393511.78782800,1217,1038519.00000000,173310.32777500,0
1608422400.0,0.16367000,0.16897000,0.15765000,0.16192000,2672297.90000000,1608508799999,438073.13219600,1174,1426477.20000000,235009.95923300,0
1608508800.0,0.16143000,0.16629000,0.14754000,0.15287000,4891898.60000000,1608595199999,758678.70026800,2055,2828949.30000000,437362.62726000,0
1608595200.0,0.15285000,0.16098000,0.14907000,0.15661000,4016752.00000000,1608681599999,626848.15143700,2138,2243360.50000000,350902.90511400,0
1608681600.0,0.15667000,0.15788000,0.12627000,0.13639000,7776117.70000000,1608767999999,1123618.99266400,3771,3426955.70000000,497251.96621500,0
1608768000.0,0.13550000,0.15458000,0.13143000,0.15300000,7256000.90000000,1608854399999,1030641.91640400,3576,3482798.10000000,493850.29573100,0
1608854400.0,0.15322000,0.16703000,0.15040000,0.15769000,5745229.30000000,1608940799999,903447.55965600,2818,2416178.50000000,379092.17722600,0
1608940800.0,0.15755000,0.16249000,0.14905000,0.15807000,5964074.60000000,1609027199999,924263.32092400,2856,2797063.80000000,432831.20516600,0
1609027200.0,0.15841000,0.16692000,0.14984000,0.15442000,8666416.70000000,1609113599999,1378518.12994600,4088,3871208.30000000,615661.99923700,0
1609113600.0,0.15494000,0.18000000,0.15288000,0.17682000,10543833.50000000,1609199999999,1757679.00192400,5117,5272572.10000000,879121.66092500,0
1609200000.0,0.17701000,0.19709000,0.17337000,0.19083000,19742258.60000000,1609286399999,3671341.36878300,7428,9800511.20000000,1823693.40802100,0
1609286400.0,0.19094000,0.19365000,0.17527000,0.18364000,5923232.90000000,1609372799999,1081007.20597200,2876,3308111.30000000,603467.79277200,0
1609372800.0,0.18430000,0.18638000,0.17544000,0.18095000,5431720.50000000,1609459199999,977460.98928900,2639,2169773.50000000,391168.90219300,0
1609459200.0,0.18107000,0.18463000,0.16906000,0.17488000,5787827.90000000,1609545599999,1029966.13994800,2460,2112819.70000000,376837.44604700,0
1609545600.0,0.17511000,0.18516000,0.16816000,0.17726000,7705432.90000000,1609631999999,1366576.81777500,3250,3508467.50000000,623046.19041100,0
1609632000.0,0.17783000,0.20955000,0.17275000,0.20624000,14731524.90000000,1609718399999,2840793.19082600,6385,7619327.80000000,1473316.44672800,0
1609718400.0,0.20644000,0.23982000,0.19594000,0.22533000,19829625.30000000,1609804799999,4262241.66740200,8850,9699018.10000000,2098411.16757200,0
1609804800.0,0.22503000,0.26427000,0.20695000,0.25913000,22153433.70000000,1609891199999,5259496.95260300,9172,11628532.70000000,2749124.97657600,0
1609891200.0,0.25921000,0.34769000,0.25375000,0.33318000,29563151.40000000,1609977599999,8782109.00525900,13699,14642299.50000000,4340752.09760700,0
1609977600.0,0.33356000,0.35526000,0.27200000,0.29981000,22966218.70000000,1610063999999,7365741.91582300,10299,11410499.70000000,3671603.65976300,0
1610064000.0,0.30069000,0.32119000,0.26348000,0.30520000,16660693.00000000,1610150399999,4885942.21915900,7050,7683464.70000000,2254657.97149700,0
1610150400.0,0.30386000,0.33845000,0.29586000,0.33027000,9888432.00000000,1610236799999,3119491.92775000,5262,5485859.50000000,1735481.02170800,0
1610236800.0,0.33094000,0.34095000,0.27984000,0.30162000,11606615.90000000,1610323199999,3617093.16801900,6627,5353441.50000000,1666044.54390900,0
1610323200.0,0.30243000,0.30404000,0.22954000,0.27633000,24062071.50000000,1610409599999,6285447.17664900,10127,12628890.00000000,3299777.21606800,0
1610409600.0,0.27620000,0.31429000,0.26323000,0.28859000,17975742.40000000,1610495999999,5114159.35685900,8534,8679457.00000000,2472491.32421400,0
1610496000.0,0.28861000,0.31553000,0.27075000,0.31239000,11466936.30000000,1610582399999,3325109.02027700,4818,6017466.50000000,1748622.89449300,0
1610582400.0,0.31378000,0.32451000,0.29680000,0.31168000,9228931.90000000,1610668799999,2866445.15145600,4142,4287275.90000000,1335968.71028300,0
1610668800.0,0.31155000,0.33182000,0.27783000,0.30304000,13874031.70000000,1610755199999,4268737.41719600,6756,6236244.30000000,1920671.57999500,0
1610755200.0,0.30209000,0.36711000,0.30198000,0.35213000,18943190.20000000,1610841599999,6500773.80039200,8790,9288951.80000000,3168057.27216600,0
1610841600.0,0.35053000,0.39732000,0.34047000,0.38092000,22583067.10000000,1610927999999,8443741.46572100,11909,11122541.60000000,4147307.41420300,0
1610928000.0,0.38093000,0.39733000,0.36476000,0.37122000,11281146.00000000,1611014399999,4247066.29012600,4400,5398298.90000000,2033056.12865700,0
1611014400.0,0.37122000,0.38488000,0.36220000,0.36729000,9138064.00000000,1611100799999,3401214.32634400,3555,5116174.50000000,1899880.98172300,0
1611100800.0,0.36709000,0.37705000,0.33024000,0.37600000,11692198.30000000,1611187199999,4140447.47167300,5377,6162149.70000000,2176458.02770300,0
1611187200.0,0.37578000,0.37925000,0.30003000,0.30804000,20963562.00000000,1611273599999,7120056.86880100,7929,9981440.50000000,3384426.02118000,0
1611273600.0,0.30781000,0.35979000,0.28051000,0.34934000,21699971.50000000,1611359999999,6994815.52231000,8124,10630941.30000000,3418833.09599900,0
1611360000.0,0.34871000,0.35750000,0.33564000,0.34439000,9268947.20000000,1611446399999,3221161.20217200,3277,4436531.50000000,1540160.54419900,0
1611446400.0,0.34555000,0.36912000,0.33651000,0.35366000,7731498.60000000,1611532799999,2708991.02325100,3050,4692528.20000000,1642542.23738200,0
1611532800.0,0.35372000,0.36400000,0.34023000,0.34301000,11495708.50000000,1611619199999,4078818.98249200,3722,5196867.70000000,1841049.84544400,0
1611619200.0,0.34278000,0.35048000,0.32427000,0.34368000,5978179.50000000,1611705599999,2028815.20982300,2608,2620838.90000000,891622.46339200,0
1611705600.0,0.34329000,0.34329000,0.30399000,0.31178000,9332428.70000000,1611791999999,2986784.77518000,3861,4561365.60000000,1458426.45929400,0
1611792000.0,0.31119000,0.35600000,0.30451000,0.34322000,11034130.40000000,1611878399999,3705642.03243700,5553,5066683.60000000,1697771.09586200,0
1611878400.0,0.34430000,0.36800000,0.33058000,0.34794000,13488116.50000000,1611964799999,4753765.96177500,7831,7149205.40000000,2523721.56436700,0
1611964800.0,0.34795000,0.37630000,0.33692000,0.36358000,9077091.30000000,1612051199999,3218787.96208800,4778,4078501.30000000,1451902.73607400,0
1612051200.0,0.36442000,0.37687000,0.33799000,0.34558000,10233645.00000000,1612137599999,3595284.84403200,4494,4944264.30000000,1736886.46911300,0
1612137600.0,0.34457000,0.42377000,0.33286000,0.40900000,15001813.30000000,1612223999999,5600297.27808600,7213,7522516.10000000,2815589.87169400,0
1612224000.0,0.40904000,0.45571000,0.38865000,0.42499000,27541345.40000000,1612310399999,11636232.77809300,15528,12941159.10000000,5459284.98262400,0
1612310400.0,0.42500000,0.44953000,0.41514000,0.44195000,8405937.60000000,1612396799999,3640090.47175800,5402,4348000.80000000,1883353.58997800,0
1612396800.0,0.44276000,0.44999000,0.41018000,0.43991000,9841795.70000000,1612483199999,4232643.11039400,6804,4485271.70000000,1930243.41008100,0
1612483200.0,0.43993000,0.57999000,0.43672000,0.53965000,23258743.60000000,1612569599999,11741652.51524700,17957,12254436.10000000,6166723.12898300,0
1612569600.0,0.53935000,0.66733000,0.52012000,0.63498000,20987109.90000000,1612655999999,12400413.00959400,19024,10526055.90000000,6222628.81299000,0
1612656000.0,0.63498000,0.71068000,0.58200000,0.66296000,21156876.30000000,1612742399999,13596118.64490100,19569,10341251.00000000,6651822.40078700,0
1612742400.0,0.66174000,0.72454000,0.63282000,0.67656000,11507187.30000000,1612828799999,7836789.83235200,14641,6136583.30000000,4189008.40934400,0
1612828800.0,0.67731000,0.71228000,0.66524000,0.70613000,6539321.70000000,1612915199999,4489157.90633700,6999,3411147.50000000,2343988.32854400,0
1612915200.0,0.70612000,0.96000000,0.70612000,0.94197000,24123026.60000000,1613001599999,19879451.99171200,28824,12968676.80000000,10707874.78398900,0
1613001600.0,0.94009000,0.98000000,0.86500000,0.92894000,15753187.20000000,1613087999999,14569409.49013000,20339,7245904.20000000,6709980.58498300,0
1613088000.0,0.92963000,0.94799000,0.86700000,0.92420000,9837142.70000000,1613174399999,8964934.94774400,10699,4432104.30000000,4042976.08671000,0
1613174400.0,0.92460000,0.95023000,0.82324000,0.91158000,8004252.40000000,1613260799999,7190189.11029000,8558,3907692.10000000,3513693.36871200,0
1613260800.0,0.91250000,0.91864000,0.80622000,0.84270000,8666707.20000000,1613347199999,7452952.99203500,8486,4168435.20000000,3587071.31732000,0
1613347200.0,0.84513000,0.91369000,0.68020000,0.85959000,21889160.20000000,1613433599999,17757901.13789000,16447,10915921.30000000,8872222.06096200,0
1613433600.0,0.86274000,0.90570000,0.83362000,0.87071000,9645783.30000000,1613519999999,8422123.84073700,8541,4896149.40000000,4275338.52425400,0
1613520000.0,0.86983000,0.89900000,0.82173000,0.89250000,7265763.00000000,1613606399999,6269380.53279500,5996,3887978.60000000,3355894.86334300,0
1613606400.0,0.89220000,0.95801000,0.89220000,0.91458000,8191000.20000000,1613692799999,7564295.81388000,7078,3965473.60000000,3659531.83119300,0
1613692800.0,0.91509000,0.94500000,0.88064000,0.92664000,6512240.40000000,1613779199999,5993233.08653000,5460,3655033.40000000,3364924.25135800,0
1613779200.0,0.92684000,1.19651000,0.91428000,1.11627000,24758752.70000000,1613865599999,26977301.68800300,25666,12440357.90000000,13537602.88187200,0
1613865600.0,1.11559000,1.15133000,1.06907000,1.09913000,9656145.50000000,1613951999999,10723883.48072100,8370,4989561.40000000,5533146.79655900,0
1613952000.0,1.10061000,1.14628000,0.83223000,1.09858000,26697807.00000000,1614038399999,27074647.57495100,21067,12266234.90000000,12499846.14740200,0
1614038400.0,1.09866000,1.14290000,0.83749000,0.96259000,34390756.80000000,1614124799999,33211659.78615000,26279,17904759.00000000,17312752.70530000,0
1614124800.0,0.96292000,1.07653000,0.89906000,1.04808000,14836424.80000000,1614211199999,14916052.62257700,12115,7917783.10000000,7974424.81456900,0
1614211200.0,1.04808000,1.17800000,1.01239000,1.07447000,12781873.60000000,1614297599999,14005191.65307200,10788,6693354.20000000,7321408.63355100,0
1614297600.0,1.07441000,1.29767000,0.99076000,1.24263000,25623264.80000000,1614383999999,29549099.80853900,23885,12605446.10000000,14611328.58417500,0
1614384000.0,1.24536000,1.48811000,1.22941000,1.31392000,27602614.50000000,1614470399999,37564014.64384600,27918,15323796.60000000,20851109.96988900,0
1614470400.0,1.31572000,1.35841000,1.15614000,1.31166000,26260268.20000000,1614556799999,32714331.51439600,20404,14010194.10000000,17442485.25870900,0
1614556800.0,1.31321000,1.34760000,1.23234000,1.29606000,9762096.30000000,1614643199999,12517943.75141900,11137,5354810.40000000,6877435.32280400,0
1614643200.0,1.29739000,1.30009000,1.18000000,1.22327000,10120569.70000000,1614729599999,12381281.27939100,10012,6355307.20000000,7763566.87831600,0
1614729600.0,1.22089000,1.26687000,1.20971000,1.21321000,6070350.80000000,1614815999999,7509600.16699100,6708,3739395.00000000,4623748.15996000,0
1614816000.0,1.21305000,1.22969000,1.06721000,1.11174000,9262324.50000000,1614902399999,10587111.33008800,9390,5031797.80000000,5761724.64133300,0
1614902400.0,1.10908000,1.19694000,1.03275000,1.15705000,10521172.70000000,1614988799999,11696297.92392200,11238,4976252.30000000,5556608.61521800,0
1614988800.0,1.15910000,1.18218000,1.08603000,1.12846000,3335288.70000000,1615075199999,3741612.57325600,4646,1583582.20000000,1779785.47823300,0
1615075200.0,1.13002000,1.14475000,1.10534000,1.13000000,2965757.10000000,1615161599999,3342282.00703600,3092,1434971.80000000,1613738.46525400,0
1615161600.0,1.13206000,1.17906000,1.10500000,1.11809000,3777721.60000000,1615247999999,4276735.67013400,4454,1820679.30000000,2063279.78842200,0
1615248000.0,1.11809000,1.21919000,1.11213000,1.19725000,4892686.80000000,1615334399999,5708763.01686100,7346,2270061.50000000,2656332.86219200,0
1615334400.0,1.19900000,1.20641000,1.11394000,1.13203000,3644634.90000000,1615420799999,4217228.72602000,5283,1812233.90000000,2096884.35120300,0
1615420800.0,1.13320000,1.13921000,1.10798000,1.12353000,2582214.80000000,1615507199999,2897287.94928100,2999,1025089.10000000,1151448.40425700,0
1615507200.0,1.12529000,1.12727000,1.02482000,1.03500000,5651285.50000000,1615593599999,6029056.67155600,5348,2767391.90000000,2950167.36505500,0
1615593600.0,1.03254000,1.19090000,0.98500000,1.10145000,8577921.70000000,1615679999999,9317515.69644100,9464,3965617.90000000,4305668.70993300,0
1615680000.0,1.10178000,1.10190000,1.05278000,1.05278000,4129121.70000000,1615766399999,4458707.96649200,3791,1954194.40000000,2108663.74310800,0
1615766400.0,1.05272000,1.07038000,1.00101000,1.02999000,3766091.20000000,1615852799999,3897169.85884900,4732,1644169.10000000,1703413.83642900,0
1615852800.0,1.03190000,1.34486000,1.00000000,1.25303000,17727647.40000000,1615939199999,21092237.95891500,31010,10473228.80000000,12542981.52297600,0
1615939200.0,1.25077000,1.42953000,1.20403000,1.37653000,8871392.00000000,1616025599999,11549161.96714200,14045,4557756.00000000,5963931.86647800,0
1616025600.0,1.37893000,1.47964000,1.22169000,1.23143000,17565966.30000000,1616111999999,23829726.41583300,20010,7385969.90000000,10057403.26814100,0
1616112000.0,1.22959000,1.34300000,1.18000000,1.29605000,9599281.60000000,1616198399999,12169156.30421300,10954,4197615.70000000,5337516.39316300,0
1616198400.0,1.29380000,1.30942000,1.20000000,1.20001000,3634435.50000000,1616284799999,4564896.48091100,4863,1472023.00000000,1848377.09050500,0
1616284800.0,1.20082000,1.24198000,1.16002000,1.18550000,2809027.30000000,1616371199999,3375392.16612500,3614,956597.80000000,1150766.53210600,0
1616371200.0,1.18579000,1.20750000,1.06761000,1.10241000,4954355.90000000,1616457599999,5681040.51479200,5804,2450024.80000000,2817228.13774800,0
1616457600.0,1.10288000,1.17330000,1.08205000,1.11702000,3806835.70000000,1616543999999,4304493.17031900,5097,1918468.00000000,2165382.17594600,0
1616544000.0,1.11521000,1.16511000,1.04000000,1.06772000,3446625.00000000,1616630399999,3796262.85621000,4210,1923228.60000000,2111560.74722200,0
1616630400.0,1.06732000,1.15294000,1.04593000,1.09649000,4608181.80000000,1616716799999,5079531.53970100,6062,2314348.90000000,2548701.93880300,0
1616716800.0,1.09546000,1.28691000,1.09546000,1.21340000,5842769.70000000,1616803199999,7056329.97550700,8334,2839739.60000000,3426858.53992800,0
1616803200.0,1.21500000,1.23805000,1.15644000,1.17402000,2946810.20000000,1616889599999,3524638.85537200,3730,1286833.20000000,1536849.83620000,0
1616889600.0,1.17564000,1.21999000,1.16686000,1.18884000,1410343.50000000,1616975999999,1674755.28227500,2492,685644.80000000,815550.08228600,0
1616976000.0,1.19039000,1.22875000,1.17870000,1.20216000,1839575.40000000,1617062399999,2204498.54495600,2337,1100775.90000000,1318758.73940500,0
1617062400.0,1.20331000,1.23529000,1.18866000,1.21255000,1284322.60000000,1617148799999,1561607.80040600,2413,651244.60000000,793358.89342700,0
1617148800.0,1.21179000,1.21226000,1.13743000,1.18914000,2063259.80000000,1617235199999,2449688.57239800,3169,900654.60000000,1069067.82311600,0
1617235200.0,1.19173000,1.20629000,1.17240000,1.18365000,1981667.30000000,1617321599999,2358433.45952100,2373,1320506.40000000,1571873.10466400,0
1617321600.0,1.18357000,1.24383000,0.10368000,1.19075000,4711630.70000000,1617407999999,5564866.03728400,5110,2829730.00000000,3386197.33763100,0
1617408000.0,1.19053000,1.24043000,1.16060000,1.16378000,1868756.30000000,1617494399999,2253105.90708200,4317,745568.60000000,898964.93104700,0
1617494400.0,1.16223000,1.19238000,1.15142000,1.18251000,943912.50000000,1617580799999,1110671.99758700,1710,446594.40000000,525696.16945900,0
1617580800.0,1.18251000,1.22493000,1.16271000,1.21196000,2185512.10000000,1617667199999,2600250.93100100,3267,1149578.10000000,1366887.25484900,0
1617667200.0,1.21432000,1.34060000,1.19027000,1.25217000,8308968.40000000,1617753599999,10460870.31419700,12393,4174672.40000000,5253104.86189700,0
1617753600.0,1.25393000,1.28937000,1.16000000,1.17240000,4060668.20000000,1617839999999,4931878.27396200,6928,2070555.90000000,2521717.49714800,0
1617840000.0,1.17208000,1.22459000,1.17081000,1.21924000,1800244.10000000,1617926399999,2160573.48593400,2903,789071.00000000,948076.63986300,0
1617926400.0,1.22006000,1.22800000,1.19121000,1.20143000,1101926.60000000,1618012799999,1331902.26011900,2000,478661.40000000,578962.74598400,0
1618012800.0,1.20239000,1.25157000,1.19500000,1.21745000,2370092.40000000,1618099199999,2892052.68471600,4036,1201721.30000000,1463752.87672200,0
1618099200.0,1.21903000,1.28994000,1.20001000,1.26245000,3836626.40000000,1618185599999,4817036.29842100,7797,1831221.90000000,2300676.22181000,0
1618185600.0,1.26478000,1.34806000,1.26478000,1.31445000,6995140.00000000,1618271999999,9099766.98226200,11795,3643417.70000000,4726975.26361700,0
1618272000.0,1.31427000,1.43558000,1.28311000,1.41383000,6285425.40000000,1618358399999,8606817.47434500,13565,2990188.90000000,4091981.17292800,0
1618358400.0,1.41449000,1.55704000,1.35000000,1.45309000,15924825.40000000,1618444799999,23144166.98961900,25849,7787240.90000000,11317664.88325800,0
1618444800.0,1.45226000,1.49341000,1.40990000,1.47972000,5199442.30000000,1618531199999,7605038.67473900,8784,2416601.30000000,3537731.10844600,0
1618531200.0,1.48158000,1.51878000,1.33127000,1.41139000,9142662.90000000,1618617599999,12960489.15961600,12239,4414685.40000000,6273291.77805800,0
1618617600.0,1.41155000,1.46482000,1.35089000,1.36863000,4108235.70000000,1618703999999,5774069.64474900,6826,1925503.70000000,2716276.59103600,0
1618704000.0,1.37032000,1.38303000,1.06781000,1.27682000,14992688.10000000,1618790399999,18280086.72721200,20682,8019092.20000000,9774736.88487400,0
1618790400.0,1.27876000,1.32414000,1.17149000,1.19445000,7674448.80000000,1618876799999,9552667.94514500,9786,3735334.50000000,4650777.43144800,0
1618876800.0,1.19547000,1.28260000,1.10890000,1.26635000,8170904.40000000,1618963199999,9769467.58219700,10310,3764306.00000000,4506909.42563600,0
1618963200.0,1.26645000,1.28662000,1.19777000,1.20366000,8066094.20000000,1619049599999,10051158.22763100,9704,3849673.20000000,4790988.51945100,0
1619049600.0,1.20289000,1.28015000,1.11200000,1.14931000,9747575.10000000,1619135999999,11695271.87358500,10552,5007977.00000000,6011430.26780400,0
1619136000.0,1.14402000,1.16755000,0.91001000,1.15852000,16778590.50000000,1619222399999,17922032.16095400,17092,8522898.00000000,9092588.13224900,0
1619222400.0,1.15779000,1.19785000,1.09228000,1.10478000,5098516.70000000,1619308799999,5796910.51146500,5571,2316073.10000000,2628839.71755900,0
1619308800.0,1.10358000,1.14645000,1.01883000,1.09066000,4415426.30000000,1619395199999,4792353.94734500,5277,2072023.60000000,2249019.47330100,0
