1569196800.0,9930.13000000,9930.13000000,9930.13000000,9930.13000000,0.00100000,1569283199999,9.93013000,1,0.00000000,0.00000000,0
1569283200.0,9637.93000000,9665.05000000,7996.45000000,8519.67000000,202.35079900,1569369599999,1739432.08920509,2345,125.93546400,1075623.60280331,0
1569369600.0,8528.12000000,8724.77000000,8247.78000000,8435.28000000,55.41797100,1569455999999,469361.69055629,763,29.05942700,246049.20514584,0
1569456000.0,8434.45000000,8453.20000000,7761.87000000,8064.41000000,41.88007900,1569542399999,340923.66601370,1023,19.80884900,161115.44149782,0
1569542400.0,8078.75000000,8259.96000000,7858.58000000,8178.73000000,47.14290400,1569628799999,379917.99846542,990,23.90374200,192755.96772991,0
1569628800.0,8199.40000000,8320.51000000,8020.00000000,8208.07000000,21.24093000,1569715199999,173568.97742342,496,10.32405200,84656.05711014,0
1569715200.0,8210.66000000,8220.38000000,7916.90000000,8047.12000000,61.63917100,1569801599999,494973.45560305,948,34.51054500,277140.21139692,0
1569801600.0,8058.25000000,8322.99000000,7744.23000000,8292.35000000,112.00992500,1569887999999,891845.06773714,1962,62.27053700,496178.56895482,0
1569888000.0,8281.40000000,8498.23000000,8180.16000000,8295.63000000,49.86105800,1569974399999,416570.11959138,2161,29.27879900,244782.44224321,0
1569974400.0,8305.00000000,8367.97000000,8154.37000000,8363.74000000,31.81465900,1570060799999,262180.72939107,1234,15.11769400,124692.67064253,0
1570060800.0,8369.31000000,8386.65000000,8078.48000000,8222.19000000,40.65474600,1570147199999,333596.31665500,1701,23.55051500,193367.76476174,0
1570147200.0,8227.57000000,8232.85000000,8005.25000000,8144.09000000,39.38286000,1570233599999,320004.18044125,1233,20.86217700,169500.17550274,0
1570233600.0,8134.38000000,8179.58000000,8015.49000000,8128.65000000,25.41557000,1570319999999,205823.36127318,1245,14.70747800,119184.14128119,0
1570320000.0,8128.65000000,8148.88000000,7801.00000000,7866.87000000,75.42562500,1570406399999,599535.45869842,3231,50.41289900,401058.22074168,0
1570406400.0,7860.25000000,8289.00000000,7772.14000000,8191.94000000,78.87099100,1570492799999,636845.13444829,3269,46.64743800,376728.87649681,0
1570492800.0,8205.09000000,8322.42000000,8110.40000000,8180.70000000,39.12943700,1570579199999,321503.51173388,2675,19.89173600,163512.40047855,0
1570579200.0,8178.47000000,8662.01000000,8118.67000000,8570.80000000,96.56841300,1570665599999,813315.06259061,2699,56.38560700,474628.06147357,0
1570665600.0,8565.75000000,8640.58000000,8439.36000000,8559.93000000,32.78393100,1570751999999,279838.69342647,1943,18.49511200,157892.36517103,0
1570752000.0,8560.99000000,8772.46000000,8229.29000000,8266.17000000,139.98570700,1570838399999,1178344.21789729,3853,52.85410000,444745.89847588,0
1570838400.0,8255.24000000,8394.78000000,8251.15000000,8299.85000000,32.49063600,1570924799999,270637.65277847,2233,15.20191500,126691.95504890,0
1570924800.0,8294.16000000,8448.70000000,8166.51000000,8276.97000000,55.02971300,1571011199999,458081.41535874,3333,22.79911100,189703.75268227,0
1571011200.0,8273.46000000,8371.24000000,8213.40000000,8349.00000000,69.94840100,1571097599999,581266.59770039,3951,36.61410600,304361.26180869,0
1571097600.0,8349.91000000,8400.92000000,8118.69000000,8163.48000000,99.70625100,1571183999999,823402.74412029,5616,42.64442700,351998.83144389,0
1571184000.0,8162.08000000,8179.74000000,7922.44000000,7995.35000000,75.48853300,1571270399999,607094.59362146,4824,37.33981900,299700.05208269,0
1571270400.0,7995.35000000,8122.45000000,7932.65000000,8073.01000000,93.71218900,1571356799999,752913.11633037,4255,57.42454700,461191.97380116,0
1571356800.0,8070.24000000,8115.37000000,7825.00000000,7946.04000000,78.63839900,1571443199999,624699.12362478,4046,37.96056100,301071.49315069,0
1571443200.0,7947.23000000,8080.03000000,7879.66000000,7956.07000000,76.47045500,1571529599999,608110.60451852,3517,39.64724100,315125.65301402,0
1571529600.0,7952.67000000,8288.14000000,7875.62000000,8220.22000000,131.60787900,1571615999999,1064589.01753644,3703,71.50479000,578713.08782109,0
1571616000.0,8222.00000000,8324.66000000,8150.01000000,8200.03000000,119.36608000,1571702399999,979652.16921265,5193,38.59371200,316946.38379537,0
1571702400.0,8196.41000000,8294.04000000,8000.72000000,8017.72000000,142.97690400,1571788799999,1166647.86103391,9136,49.22583800,401359.88489806,0
1571788800.0,8015.96000000,8044.28000000,7310.24000000,7466.85000000,273.91875100,1571875199999,2095334.09109610,20104,131.52259400,1003683.02055252,0
1571875200.0,7466.85000000,7492.37000000,7341.62000000,7415.47000000,225.29830600,1571961599999,1675678.46299171,31374,118.78662500,883667.52446328,0
1571961600.0,7415.47000000,8776.60000000,7377.73000000,8653.66000000,382.33581500,1572047999999,3116726.46044756,29944,201.17343900,1639572.60773808,0
1572048000.0,8655.50000000,10352.43000000,8637.01000000,9231.81000000,650.19120600,1572134399999,6050911.79658938,34348,348.52169200,3241112.36381170,0
1572134400.0,9232.69000000,9787.69000000,9077.85000000,9530.88000000,429.57398600,1572220799999,4069848.38341850,19880,241.74720700,2287894.28994853,0
1572220800.0,9528.62000000,9901.97000000,9182.33000000,9198.09000000,343.19683200,1572307199999,3259641.60476431,18065,191.27898600,1815633.99949468,0
1572307200.0,9202.96000000,9533.79000000,9094.14000000,9408.43000000,280.98940100,1572393599999,2631042.96725867,15470,159.41595600,1492130.13999868,0
1572393600.0,9407.96000000,9407.96000000,9004.51000000,9154.99000000,195.55721300,1572479999999,1800252.64242166,11223,105.75267100,973401.94345740,0
1572480000.0,9168.24000000,9400.00000000,8950.81000000,9142.65000000,181.57894600,1572566399999,1664277.57726746,12126,102.01959500,935206.01646072,0
1572566400.0,9141.77000000,9270.25000000,9041.97000000,9230.40000000,97.20158800,1572652799999,888572.86388654,3350,55.25887000,505109.06845709,0
1572652800.0,9237.70000000,9366.42000000,9191.84000000,9288.85000000,66.07628900,1572739199999,612133.16820494,838,31.73491200,293399.07896024,0
1572739200.0,9320.52000000,9361.62000000,9069.38000000,9203.46000000,34.50987300,1572825599999,317655.37227640,648,17.42543200,160078.74897278,0
1572825600.0,9199.90000000,9505.13000000,9119.48000000,9391.41000000,52.79323800,1572911999999,493677.14722027,1270,29.74122800,278692.97879966,0
1572912000.0,9395.14000000,9454.72000000,9180.44000000,9301.49000000,54.87311900,1572998399999,510763.92518866,1444,29.01136100,270000.57910356,0
1572998400.0,9308.69000000,9429.60000000,9255.24000000,9346.85000000,34.74628700,1573084799999,324379.51355804,1182,20.19029700,188500.10381807,0
1573084800.0,9342.01000000,9371.03000000,9115.87000000,9210.10000000,67.72128400,1573171199999,625098.13021920,1586,34.09519300,314758.32125097,0
1573171200.0,9207.76000000,9253.18000000,8697.25000000,8781.14000000,142.73894400,1573257599999,1273558.28362499,3291,73.91460900,659939.56989516,0
1573257600.0,8773.61000000,8875.14000000,8729.97000000,8810.15000000,50.22950200,1573343999999,441587.36474185,1362,27.15569300,238862.70917468,0
1573344000.0,8802.19000000,9137.31000000,8759.48000000,9039.30000000,85.36880500,1573430399999,765871.42736210,1777,53.98039100,484747.04356937,0
1573430400.0,9044.51000000,9065.80000000,8624.44000000,8731.92000000,74.45917500,1573516799999,653915.52796066,1823,42.60128600,373976.46935009,0
1573516800.0,8712.08000000,8874.22000000,8600.00000000,8821.69000000,87.18387200,1573603199999,761507.99619342,1693,51.11012500,446050.89377763,0
1573603200.0,8823.72000000,8841.26000000,8721.49000000,8791.21000000,161.90752300,1573689599999,1420714.18538331,2696,87.41312100,766980.65799508,0
1573689600.0,8791.22000000,8808.57000000,8598.33000000,8645.97000000,70.18273100,1573775999999,610576.54603219,2641,24.78234700,215536.22006433,0
1573776000.0,8645.97000000,8783.30000000,8408.21000000,8473.65000000,94.89497100,1573862399999,813036.87173838,2511,37.06568300,318138.98530108,0
1573862400.0,8479.04000000,8535.98000000,8445.92000000,8495.01000000,68.05758200,1573948799999,577549.34535446,1665,41.08126300,348882.84329091,0
1573948800.0,8495.01000000,8626.55000000,8420.00000000,8511.33000000,95.14887100,1574035199999,810984.55884666,3724,56.50559500,482420.57242741,0
1574035200.0,8511.51000000,8511.51000000,8069.00000000,8186.59000000,71.17284000,1574121599999,589565.06904439,5880,30.92596300,256478.49796966,0
1574121600.0,8182.71000000,8208.97000000,8004.04000000,8133.77000000,83.99738700,1574207999999,682237.00247427,5726,44.58055600,362038.58820607,0
1574208000.0,8134.49000000,8229.50000000,8046.64000000,8094.38000000,58.43642800,1574294399999,473949.03272950,6973,39.50923500,320465.62352015,0
1574294400.0,8097.84000000,8132.71000000,7520.18000000,7634.12000000,195.15704900,1574380799999,1511505.78203138,6331,124.98556000,964644.23437907,0
1574380800.0,7628.15000000,7721.84000000,6798.50000000,7282.49000000,205.23110400,1574467199999,1496155.74160249,6988,119.06974700,869948.32584301,0
1574467200.0,7277.26000000,7343.76000000,7087.90000000,7314.92000000,30.16318500,1574553599999,218318.42725795,2884,12.41838000,89892.36121946,0
1574553600.0,7321.06000000,7334.40000000,6890.00000000,6905.31000000,143.18001800,1574639999999,1014166.43231206,5073,86.33022000,611840.97476556,0
1574640000.0,6901.05000000,7369.92000000,6524.64000000,7121.63000000,179.91884200,1574726399999,1242840.72805286,7764,97.69817900,678226.30550299,0
1574726400.0,7114.36000000,7335.85000000,7031.09000000,7151.05000000,115.24533700,1574812799999,823870.77112088,4124,72.98273700,521787.45161136,0
1574812800.0,7155.73000000,7648.10000000,6850.74000000,7515.75000000,102.01107700,1574899199999,740946.91870746,5412,53.49002700,388848.97165020,0
1574899200.0,7506.50000000,7643.22000000,7365.12000000,7424.67000000,88.48557500,1574985599999,667399.04459474,3391,45.62326500,344093.44283951,0
1574985600.0,7412.07000000,7855.00000000,7404.12000000,7737.13000000,91.68067800,1575071999999,701005.98283169,4836,47.23427400,360773.02457481,0
1575072000.0,7737.98000000,7800.00000000,7414.00000000,7548.08000000,114.53143800,1575158399999,876196.89322034,3868,64.67470300,494553.53338836,0
1575158400.0,7540.08000000,7542.65000000,7236.66000000,7396.18000000,77.40277200,1575244799999,569476.17214012,3980,52.81648900,388500.27902104,0
1575244800.0,7405.58000000,7419.16000000,7162.23000000,7296.97000000,107.11470300,1575331199999,778557.21047437,4809,81.00499400,588425.62726191,0
1575331200.0,7296.96000000,7399.97000000,7239.55000000,7281.25000000,58.63618900,1575417599999,428974.70548526,4021,43.81539500,320630.59909414,0
1575417600.0,7284.86000000,7751.07000000,7082.46000000,7195.68000000,118.66783500,1575503999999,872355.41240979,9745,84.09088300,618594.30044765,0
1575504000.0,7180.59000000,7480.67000000,7153.94000000,7381.97000000,113.53432400,1575590399999,832524.13155778,13461,81.52339700,597995.15516592,0
1575590400.0,7376.79000000,7597.04000000,7303.90000000,7529.99000000,76.72316800,1575676799999,570418.69848336,1933,43.17327300,321302.05053454,0
1575676800.0,7542.59000000,7611.36000000,7472.23000000,7491.51000000,36.00901100,1575763199999,270991.89242911,1238,21.80075500,164075.52864732,0
1575763200.0,7485.51000000,7562.68000000,7378.86000000,7509.15000000,32.26979800,1575849599999,240993.19842661,2287,17.51806800,130701.34239147,0
1575849600.0,7511.64000000,7645.75000000,7276.66000000,7345.27000000,68.68233700,1575935999999,514116.82488084,2178,37.59901500,281533.70456284,0
1575936000.0,7337.84000000,7405.29000000,7164.42000000,7227.39000000,59.57623500,1576022399999,434576.01086851,2457,28.94731700,211080.03918304,0
1576022400.0,7230.50000000,7271.71000000,7139.23000000,7208.17000000,23.33556000,1576108799999,168269.94492682,1438,12.24758900,88379.45068275,0
1576108800.0,7210.16000000,7292.67000000,7087.23000000,7200.81000000,43.88073500,1576195199999,315859.40683962,1687,26.83824300,193133.46472797,0
1576195200.0,7196.03000000,7302.72000000,7195.48000000,7253.02000000,24.30811500,1576281599999,176072.38342966,1197,13.40478600,97037.25329266,0
1576281600.0,7254.49000000,7269.11000000,7013.56000000,7068.94000000,49.74219500,1576367999999,353750.67501610,2103,19.00595000,135467.54805557,0
1576368000.0,7066.69000000,7196.62000000,7011.08000000,7121.19000000,32.08720700,1576454399999,228107.86665693,1784,18.24554600,129692.63973721,0
1576454400.0,7123.79000000,7152.66000000,6850.00000000,6893.47000000,80.23461800,1576540799999,558535.67906804,1586,37.82338300,263104.13170879,0
1576540800.0,6891.13000000,6937.54000000,6564.89000000,6619.91000000,104.83443500,1576627199999,703780.98464529,1565,61.82203200,415513.74465542,0
1576627200.0,6626.58000000,7411.91000000,6438.08000000,7270.83000000,156.11639400,1576713599999,1066162.57397371,2535,81.22213700,557727.15894958,0
1576713600.0,7285.03000000,7366.95000000,7048.75000000,7147.99000000,76.64212900,1576799999999,549559.42962992,1876,40.36040100,289710.26683280,0
1576800000.0,7156.13000000,7214.26000000,7082.30000000,7181.29000000,29.91223400,1576886399999,213808.88047565,676,15.06902500,107706.35079797,0
1576886400.0,7188.86000000,7190.69000000,7118.00000000,7137.74000000,17.30559800,1576972799999,123673.93805748,313,7.64169200,54635.29785283,0
1576972800.0,7137.36000000,7512.47000000,7127.42000000,7504.57000000,69.74896100,1577059199999,510605.96931964,918,34.77936600,254361.09053448,0
1577059200.0,7510.48000000,7689.98000000,7271.82000000,7321.46000000,139.12964400,1577145599999,1043876.77387046,1592,83.05578000,623660.38497037,0
1577145600.0,7312.63000000,7430.89000000,7166.30000000,7276.31000000,68.08275100,1577231999999,495823.35739253,1065,43.09851000,314140.44530084,0
1577232000.0,7262.39000000,7272.13000000,7131.55000000,7200.10000000,31.49889900,1577318399999,227121.60230357,554,17.10275000,123267.81406286,0
1577318400.0,7205.02000000,7432.08000000,7164.33000000,7208.33000000,38.35955800,1577404799999,278010.65446193,684,24.59560700,178171.72926100,0
1577404800.0,7208.33000000,7273.96000000,7100.00000000,7249.98000000,56.29745700,1577491199999,405539.37828206,810,22.11441700,159636.34591740,0
1577491200.0,7253.94000000,7361.77000000,7250.22000000,7308.62000000,31.31103200,1577577599999,228862.48770659,603,12.94384100,94548.28537797,0
1577577600.0,7312.34000000,7526.48000000,7294.84000000,7391.07000000,25.92625900,1577663999999,191712.79107654,537,11.90164600,87941.21917419,0
1577664000.0,7357.28000000,7396.65000000,7227.31000000,7244.30000000,75.23928400,1577750399999,549628.15315285,839,39.76876000,291147.36110013,0
1577750400.0,7240.76000000,7300.00000000,7146.00000000,7197.33000000,50.66999100,1577836799999,366875.19043639,568,35.41771900,256791.99251278,0
1577836800.0,7180.46000000,7245.54000000,7175.62000000,7195.65000000,31.40388300,1577923199999,226629.00992921,491,15.81508900,114122.56869675,0
1577923200.0,7191.39000000,7210.05000000,6934.29000000,6961.80000000,67.00440700,1578009599999,476379.33805488,738,38.75048100,276050.88315223,0
1578009600.0,6958.14000000,7404.24000000,6877.78000000,7345.65000000,102.62138600,1578095999999,742763.23677920,1697,61.55140400,444647.89383045,0
1578096000.0,7344.55000000,7403.98000000,7282.25000000,7349.45000000,32.27137200,1578182399999,236709.95916405,481,15.32945900,112470.99242687,0
1578182400.0,7363.88000000,7489.84000000,7332.96000000,7364.19000000,67.24763800,1578268799999,500336.38086466,678,44.70171900,332796.23187747,0
1578268800.0,7359.40000000,7796.86000000,7352.92000000,7777.53000000,142.31167500,1578355199999,1075569.84680959,914,83.76502700,633598.16990919,0
1578355200.0,7785.53000000,8198.98000000,7735.68000000,8174.34000000,242.89606600,1578441599999,1926903.17730094,2947,130.88973700,1037483.23284885,0
1578441600.0,8174.37000000,8456.12000000,7890.00000000,8051.97000000,186.16218800,1578527999999,1533174.26317588,2211,97.16845000,799930.00094349,0
1578528000.0,8036.44000000,8036.44000000,7753.44000000,7824.32000000,116.17133800,1578614399999,915656.23025253,1368,68.84448300,542430.23732142,0
1578614400.0,7813.16000000,8195.00000000,7684.66000000,8195.00000000,189.00302900,1578700799999,1500104.24983744,1792,87.49975400,694230.17481498,0
1578700800.0,8195.00000000,8290.00000000,8010.01000000,8026.42000000,79.69431700,1578787199999,647361.88139869,1294,45.27965400,367951.26768340,0
1578787200.0,8010.01000000,8192.05000000,7968.79000000,8185.42000000,46.70300600,1578873599999,378639.02349126,917,24.24493400,196553.67280078,0
1578873600.0,8186.81000000,8186.81000000,8059.34000000,8102.27000000,71.02652400,1578959999999,577263.40303068,1042,17.37351500,140991.19500468,0
1578960000.0,8110.96000000,8891.18000000,8110.96000000,8847.12000000,351.52133600,1579046399999,3016074.97575909,4225,186.71828500,1600748.54727612,0
1579046400.0,8808.88000000,8911.21000000,8579.47000000,8817.79000000,146.62429500,1579132799999,1285245.93320606,2487,76.71347600,671303.64921527,0
1579132800.0,8836.69000000,8857.99000000,8595.65000000,8730.00000000,95.19665300,1579219199999,827028.35132448,1423,45.06232500,391610.68681204,0
1579219200.0,8729.99000000,9022.50000000,8673.10000000,8915.59000000,77.32251200,1579305599999,686071.05632304,1659,39.84602300,353729.00496309,0
1579305600.0,8905.00000000,8988.76000000,8805.36000000,8917.29000000,51.10462700,1579391999999,455203.43160470,1116,15.38740000,137060.09827969,0
1579392000.0,8913.69000000,9200.00000000,8493.57000000,8718.51000000,217.43689700,1579478399999,1924820.72503770,2534,146.91556300,1298805.21171834,0
1579478400.0,8725.94000000,8741.97000000,8530.00000000,8644.33000000,44.18651300,1579564799999,382346.03737531,757,19.21238500,166081.33989131,0
1579564800.0,8650.15000000,8778.28000000,8503.31000000,8754.88000000,69.58808800,1579651199999,601599.85417849,1088,37.00049000,320607.74212238,0
1579651200.0,8737.02000000,8819.92000000,8605.64000000,8670.36000000,37.87117200,1579737599999,329011.10985286,728,19.59352200,170295.28227030,0
1579737600.0,8671.00000000,8671.00000000,8305.50000000,8414.87000000,64.56001300,1579823999999,546230.22754206,3553,32.14927200,271836.57445228,0
1579824000.0,8411.45000000,8524.11000000,8241.50000000,8451.96000000,82.69606900,1579910399999,696183.39721351,6902,53.28769700,448781.31802282,0
1579910400.0,8440.25000000,8442.68000000,8277.21000000,8344.78000000,75.48201000,1579996799999,629147.65244861,8498,56.14380300,467874.12667488,0
1579996800.0,8340.11000000,8612.12000000,8301.86000000,8612.12000000,57.45104500,1580083199999,486981.33544229,2734,32.45829100,274753.79627103,0
1580083200.0,8613.88000000,9002.45000000,8584.04000000,8914.11000000,103.99854600,1580169599999,913570.78519044,10776,65.74599100,577840.07769323,0
1580169600.0,8921.17000000,9402.37000000,8892.43000000,9380.14000000,143.79943700,1580255999999,1308959.35687214,6883,84.14496900,765928.90119623,0
1580256000.0,9376.62000000,9445.67000000,9239.08000000,9300.85000000,140.35618600,1580342399999,1309733.92105105,14898,92.49432100,862854.09048008,0
1580342400.0,9300.42000000,9579.29000000,9205.00000000,9526.47000000,131.54702200,1580428799999,1233883.52263349,13670,81.40635200,764549.83125990,0
1580428800.0,9513.19000000,9534.33000000,9213.32000000,9352.98000000,76.29892500,1580515199999,714239.34902474,6310,51.24812000,479514.30596049,0
1580515200.0,9363.96000000,9462.65000000,9301.63000000,9388.81000000,61.24569700,1580601599999,574842.54294685,2908,41.18593400,386497.48956458,0
1580601600.0,9384.73000000,9487.85000000,9157.15000000,9332.83000000,73.73371300,1580687999999,691316.72089288,3188,43.37196300,407105.67790213,0
1580688000.0,9324.90000000,9600.00000000,9241.58000000,9299.80000000,103.26133100,1580774399999,967665.63128580,15656,76.08385100,713275.05756268,0
1580774400.0,9299.53000000,9356.66000000,9100.00000000,9195.95000000,72.81858500,1580860799999,671869.88250115,10995,52.79295900,487385.28520380,0
1580860800.0,9192.37000000,9747.48000000,9180.27000000,9610.31000000,125.85915100,1580947199999,1200046.41797130,7861,86.00257500,821035.44818175,0
1580947200.0,9625.00000000,9859.33000000,9535.38000000,9766.99000000,118.59401500,1581033599999,1156226.46687976,7194,64.68205700,630586.03247668,0
1581033600.0,9767.00000000,9880.32000000,9730.59000000,9815.00000000,114.26379900,1581119999999,1119198.68433053,12563,81.20480700,795336.01314903,0
1581120000.0,9821.51000000,9937.31000000,9668.84000000,9903.38000000,123.20227200,1581206399999,1212493.49864747,14188,83.05431600,817520.67258724,0
1581206400.0,9903.35000000,10174.27000000,9892.42000000,10153.53000000,132.32380000,1581292799999,1328939.96089147,14864,91.88856300,921536.64398212,0
1581292800.0,10165.00000000,10193.58000000,9767.62000000,9850.16000000,64.64309600,1581379199999,643370.31450867,3233,33.84687300,336882.27201447,0
1581379200.0,9848.03000000,10325.27000000,9718.90000000,10228.72000000,131.65107300,1581465599999,1316991.54544380,5218,80.56673200,806740.14509583,0
1581465600.0,10230.93000000,10450.00000000,10230.64000000,10348.98000000,100.01064100,1581551999999,1032695.70267723,4238,47.64862600,492326.15968719,0
1581552000.0,10318.09000000,10490.00000000,10101.26000000,10217.13000000,154.52454700,1581638399999,1589599.39220726,5825,87.99684500,905689.17681971,0
1581638400.0,10237.42000000,10376.60000000,10116.94000000,10344.17000000,54.42137100,1581724799999,558844.30043193,2843,32.70455200,335706.88029450,0
1581724800.0,10350.58000000,10373.47000000,9800.00000000,9898.96000000,77.41511600,1581811199999,777212.73265155,4687,40.43251800,405122.76785870,0
1581811200.0,9908.62000000,10047.63000000,9649.72000000,9928.33000000,79.98320500,1581897599999,787512.08988384,8116,46.58648700,459092.93166577,0
1581897600.0,9916.64000000,9952.62000000,9458.42000000,9708.77000000,127.36221900,1581983999999,1237853.08970092,14365,88.20473800,858145.11984702,0
1581984000.0,9698.24000000,10249.17000000,9593.22000000,10158.14000000,99.60342800,1582070399999,984365.90659168,10126,57.82615600,570424.78362888,0
1582070400.0,10167.94000000,10512.00000000,9400.00000000,9601.99000000,122.65175200,1582156799999,1210823.73508672,5451,56.86144100,563760.99328600,0
1582156800.0,9588.19000000,9686.42000000,9410.02000000,9608.23000000,59.47993700,1582243199999,569596.93964091,3257,27.59127900,264152.46270049,0
1582243200.0,9587.23000000,9761.24000000,9571.64000000,9670.00000000,42.66038300,1582329599999,412771.28750856,2620,23.63673900,228776.19089914,0
1582329600.0,9675.78000000,9702.82000000,9558.25000000,9664.01000000,19.10503900,1582415999999,184155.64779442,940,9.59885000,92586.67963771,0
1582416000.0,9656.40000000,10002.98000000,9656.40000000,9949.57000000,34.39836100,1582502399999,339482.20902887,1610,21.10368100,208152.95628124,0
1582502400.0,9945.64000000,9993.80000000,9487.44000000,9657.21000000,72.47123700,1582588799999,703023.56708498,2756,39.60712100,384058.77230620,0
1582588800.0,9665.52000000,9669.54000000,9256.66000000,9319.74000000,70.05560300,1582675199999,661863.66975672,2444,37.39816000,353788.80931062,0
1582675200.0,9309.70000000,9372.65000000,8653.00000000,8790.39000000,127.02599700,1582761599999,1143275.56842856,3788,59.20202000,533833.60559364,0
1582761600.0,8784.22000000,8967.12000000,8531.36000000,8802.94000000,87.44714500,1582847999999,767706.96982168,3003,42.07243700,368709.09731898,0
1582848000.0,8818.72000000,8900.32000000,8451.67000000,8694.33000000,113.60304700,1582934399999,984108.86543171,2023,58.50124400,507318.45998135,0
1582934400.0,8698.05000000,8787.36000000,8524.44000000,8528.54000000,30.98938400,1583020799999,268590.57941854,1181,18.02900100,156318.51259686,0
1583020800.0,8523.66000000,8746.82000000,8428.70000000,8545.65000000,62.48079700,1583107199999,534919.85536489,1103,35.80448200,306560.14625234,0
1583107200.0,8525.48000000,8963.39000000,8502.03000000,8900.76000000,75.48193400,1583193599999,663296.52015745,2102,33.14630200,291240.42736680,0
1583193600.0,8913.63000000,8919.44000000,8660.53000000,8758.86000000,99.93337600,1583279999999,876978.34992719,2851,44.42656000,389880.02628318,0
1583280000.0,8765.54000000,8844.36000000,8672.76000000,8748.23000000,69.53243200,1583366399999,609165.05437307,2881,31.36652800,275039.55242234,0
1583366400.0,8765.21000000,9152.18000000,8765.21000000,9062.79000000,94.38339400,1583452799999,848608.08937617,3707,51.45247500,463358.52291934,0
1583452800.0,9051.95000000,9170.84000000,8993.59000000,9140.03000000,62.79663700,1583539199999,570083.73065165,2422,26.11753000,237348.27739181,0
1583539200.0,9140.03000000,9199.13000000,8847.87000000,8886.71000000,77.67497800,1583625599999,702373.76338493,1776,23.92436200,216156.00475004,0
1583625600.0,8885.47000000,8885.47000000,8003.84000000,8036.46000000,127.36534000,1583711999999,1073386.81837099,2700,53.80244000,450398.20368905,0
1583712000.0,8036.65000000,8175.98000000,7642.21000000,7939.79000000,304.94898700,1583798399999,2404069.97709760,3667,172.29774500,1357385.43280423,0
1583798400.0,7939.82000000,8140.35000000,7736.58000000,7888.99000000,146.68498700,1583884799999,1165668.27940235,1884,85.21733700,676954.30335499,0
1583884800.0,7880.00000000,7977.46000000,7597.21000000,7926.40000000,114.70202200,1583971199999,894631.97027057,1679,64.12740100,499954.51707270,0
1583971200.0,7950.14000000,7956.40000000,4510.00000000,4824.58000000,2078.44353300,1584057599999,12372524.88851313,14066,1146.70364800,6818895.65951290,0
1584057600.0,4814.78000000,5948.50000000,3649.04000000,5582.50000000,2402.63311400,1584143999999,11891820.98802251,17194,1478.40648100,7295244.06032066,0
1584144000.0,5583.79000000,5626.00000000,5053.25000000,5169.45000000,183.87864300,1584230399999,987125.11027987,1721,120.93208600,651843.97466307,0
1584230400.0,5172.68000000,5943.59000000,5101.05000000,5365.04000000,306.33477200,1584316799999,1684440.11720783,1747,171.25159100,942162.18126169,0
1584316800.0,5326.48000000,5361.94000000,4426.37000000,5023.00000000,525.89633200,1584403199999,2575373.37137356,2934,300.83600500,1474590.87392662,0
1584403200.0,5018.11000000,5522.61000000,4950.17000000,5320.37000000,307.11160600,1584489599999,1625117.37195168,1750,219.39673000,1160685.16266565,0
1584489600.0,5337.47000000,5437.71000000,5000.05000000,5390.21000000,567.57680200,1584575999999,2975329.98626564,1838,355.72983500,1864219.83990103,0
1584576000.0,5394.56000000,6397.65000000,5252.01000000,6179.03000000,480.69979900,1584662399999,2843685.27940013,3771,289.97287700,1707308.52207016,0
1584662400.0,6166.81000000,6904.12000000,5685.74000000,6205.00000000,542.74161700,1584748799999,3459866.75037453,3805,312.93485600,1992987.88210130,0
1584748800.0,6208.38000000,6451.84000000,5871.38000000,6165.00000000,349.50878000,1584835199999,2159167.48103056,2074,207.12603400,1281092.21757608,0
1584835200.0,6148.07000000,6403.69000000,5762.84000000,5818.52000000,382.08285800,1584921599999,2314789.51052963,1966,232.54514900,1411810.80718405,0
1584921600.0,5810.22000000,6586.88000000,5696.92000000,6481.71000000,325.91068500,1585007999999,2008134.01182396,1979,175.14360500,1077526.48394851,0
1585008000.0,6499.47000000,6830.63000000,6387.89000000,6749.94000000,193.53750200,1585094399999,1284037.52523523,1731,94.32279000,626398.59921057,0
1585094400.0,6744.53000000,6954.56000000,6474.17000000,6695.91000000,179.29664800,1585180799999,1195428.04328673,1274,94.44222900,629820.88599289,0
1585180800.0,6700.00000000,6772.38000000,6517.01000000,6734.11000000,176.75132100,1585267199999,1176989.97167561,1086,96.63930000,643911.58877468,0
1585267200.0,6750.08000000,6836.61000000,6275.59000000,6365.87000000,156.39968600,1585353599999,1032728.16502748,1710,88.52913300,583852.32340098,0
1585353600.0,6359.77000000,6359.77000000,6032.28000000,6243.16000000,282.31618900,1585439999999,1747205.34288028,2422,151.80333600,939064.80215877,0
1585440000.0,6241.06000000,6266.95000000,5867.15000000,5876.82000000,245.71931100,1585526399999,1480207.32135876,1453,143.73536400,869437.65063189,0
1585526400.0,5895.02000000,6607.25000000,5862.32000000,6386.47000000,374.64641700,1585612799999,2374140.09226156,2209,199.35245300,1259865.01526777,0
1585612800.0,6387.83000000,6516.79000000,6334.59000000,6434.43000000,200.19190500,1585699199999,1289487.19866640,1308,84.47118500,544068.79080769,0
1585699200.0,6419.08000000,6679.96000000,6152.38000000,6641.00000000,244.83346000,1585785599999,1564376.31645226,1957,126.72859500,811211.82941485,0
1585785600.0,6649.73000000,7226.02000000,6558.62000000,6826.94000000,569.86163700,1585871999999,3876936.51687911,3276,341.19864100,2325228.81593319,0
1585872000.0,6786.00000000,7035.95000000,6607.95000000,6721.11000000,374.74051200,1585958399999,2558021.88215820,2605,196.29958100,1340159.43925752,0
1585958400.0,6725.64000000,6996.58000000,6654.02000000,6862.65000000,278.68423600,1586044799999,1895481.49265107,2404,156.80576100,1067213.55630322,0
1586044800.0,6891.57000000,6891.57000000,6674.97000000,6771.41000000,129.58143600,1586131199999,879082.34664839,1251,79.95421700,542018.46355987,0
1586131200.0,6767.44000000,7347.00000000,6767.44000000,7332.68000000,271.71646000,1586217599999,1922614.50798947,2634,166.41688000,1178673.99359031,0
1586217600.0,7325.21000000,7450.93000000,7084.68000000,7197.12000000,193.63729600,1586303999999,1411402.51328541,1855,107.22534100,782034.29539453,0
1586304000.0,7198.53000000,7419.96000000,7155.97000000,7363.77000000,137.53785200,1586390399999,1005714.44811479,1277,91.23704000,667268.87598987,0
1586390400.0,7360.50000000,7368.22000000,7108.22000000,7283.68000000,73.04328900,1586476799999,530990.11741920,932,43.87463400,319187.96015316,0
1586476800.0,7280.13000000,7288.54000000,6750.00000000,6857.58000000,94.51752900,1586563199999,658101.56075314,1871,52.72145000,367413.66019540,0
1586563200.0,6864.09000000,6935.07000000,6758.95000000,6881.93000000,46.40184300,1586649599999,318149.84956922,1010,22.60730500,155135.82195031,0
1586649600.0,6900.23000000,7175.38000000,6782.41000000,6894.29000000,91.26650000,1586735999999,638196.82373381,1663,54.56744600,382119.89288158,0
1586736000.0,6883.46000000,6883.78000000,6564.42000000,6836.50000000,115.76043500,1586822399999,779043.93645101,2558,60.94520700,409693.09838803,0
1586822400.0,6837.60000000,6971.00000000,6767.66000000,6857.32000000,63.64702300,1586908799999,437526.92167594,1648,38.54707100,264935.23020673,0
1586908800.0,6865.70000000,6926.82000000,6609.01000000,6631.75000000,80.44159000,1586995199999,543475.39200079,1710,34.16239100,231049.22073174,0
1586995200.0,6612.81000000,7201.47000000,6480.00000000,7100.00000000,282.05669800,1587081599999,1948436.06848358,4621,155.33293700,1072026.45997163,0
1587081600.0,7100.00000000,7145.41000000,6990.73000000,7036.17000000,71.96167100,1587167999999,508556.72365965,1831,36.44387600,257665.13896402,0
1587168000.0,7026.47000000,7293.89000000,7017.63000000,7248.61000000,75.89731600,1587254399999,543854.27506569,1648,42.79635800,306639.63555258,0
1587254400.0,7256.84000000,7267.46000000,7057.69000000,7121.60000000,66.48976000,1587340799999,475934.62996937,1291,26.22054400,187932.01655265,0
1587340800.0,7120.85000000,7215.00000000,6750.00000000,6828.56000000,147.09757600,1587427199999,1021627.19847283,2598,62.21239800,432872.00204931,0
1587427200.0,6823.57000000,6934.46000000,6761.06000000,6845.56000000,183.05607000,1587513599999,1253978.01157651,3270,85.73502700,587813.19230118,0
1587513600.0,6841.33000000,7154.79000000,6819.58000000,7124.66000000,84.76040700,1587599999999,596052.03441002,1773,61.49385100,431968.20428533,0
1587600000.0,7130.11000000,7752.45000000,7029.33000000,7480.05000000,206.00135600,1587686399999,1527239.34324910,3358,117.18202700,868256.16410384,0
1587686400.0,7484.46000000,7658.78000000,7401.05000000,7497.34000000,110.17328200,1587772799999,829707.61477406,1709,59.75998500,451105.20260997,0
1587772800.0,7506.54000000,7720.52000000,7437.46000000,7541.17000000,98.72492500,1587859199999,747267.39187127,1606,42.04277700,319330.40223068,0
1587859200.0,7537.51000000,7705.38000000,7461.99000000,7694.13000000,88.99488500,1587945599999,676350.99238685,1691,37.21314800,283127.88031459,0
1587945600.0,7695.78000000,7791.73000000,7628.24000000,7775.57000000,75.13212900,1588031999999,579408.00334417,1644,45.01153700,347492.45939222,0
1588032000.0,7777.05000000,7782.01000000,7670.15000000,7748.50000000,44.40430200,1588118399999,343064.85783727,889,19.40764800,149916.84002250,0
1588118400.0,7742.68000000,8955.58000000,7713.01000000,8778.63000000,320.88814700,1588204799999,2704649.85577450,4480,165.18919500,1391904.90405941,0
1588204800.0,8782.65000000,9450.76000000,8404.31000000,8630.86000000,384.67543900,1588291199999,3448493.17947615,6246,171.32761800,1527458.88424991,0
1588291200.0,8628.07000000,9051.55000000,8617.99000000,8817.65000000,137.63849300,1588377599999,1209287.47129153,3159,79.93302900,701998.63089755,0
1588377600.0,8818.22000000,9014.77000000,8757.77000000,8972.68000000,59.46976500,1588463999999,528507.49092923,1880,34.15183900,303491.64814248,0
1588464000.0,8973.85000000,9196.27000000,8718.08000000,8887.35000000,210.04908300,1588550399999,1881186.83228509,3616,84.93976300,760907.97232162,0
1588550400.0,8896.62000000,8954.26000000,8528.63000000,8868.92000000,198.32248000,1588636799999,1736500.58165975,3130,113.92638900,996909.12697881,0
1588636800.0,8878.25000000,9105.20000000,8772.22000000,9027.64000000,133.86243000,1588723199999,1195470.43924764,2648,74.22611800,663623.94828491,0
1588723200.0,9022.44000000,9396.16000000,8918.99000000,9145.93000000,242.57709300,1588809599999,2227399.41493441,4513,133.97256900,1229310.14616291,0
1588809600.0,9132.52000000,10063.93000000,9010.00000000,9991.11000000,340.35168900,1588895999999,3257938.16680605,5913,202.95724800,1939844.91949317,0
1588896000.0,10001.44000000,10032.58000000,9717.86000000,9810.32000000,138.25143600,1588982399999,1370009.81534028,3527,63.94216800,634095.46609506,0
1588982400.0,9805.88000000,9900.00000000,9507.03000000,9539.68000000,145.78519400,1589068799999,1416032.52967545,3573,63.25480100,615103.92208099,0
1589068800.0,9531.93000000,9569.31000000,8127.14000000,8726.30000000,600.65983000,1589155199999,5178074.83221994,9434,283.85410100,2446145.71501201,0
1589155200.0,8730.15000000,9162.08000000,8200.00000000,8561.03000000,399.57460900,1589241599999,3445744.81973006,6139,200.98304400,1734957.54895153,0
1589241600.0,8560.18000000,8973.14000000,8533.72000000,8810.00000000,153.60637900,1589327999999,1349116.70376702,3662,83.08606900,730801.86437030,0
1589328000.0,8808.62000000,9398.12000000,8800.91000000,9295.00000000,167.29719500,1589414399999,1524473.76979297,3793,94.51473500,862134.21150054,0
1589414400.0,9305.22000000,9936.94000000,9264.35000000,9792.25000000,247.69507400,1589500799999,2394549.82855706,5114,147.11206800,1424192.16004197,0
1589500800.0,9796.68000000,9839.59000000,9142.29000000,9311.55000000,314.06128100,1589587199999,2962845.69504214,4913,137.09978100,1292141.79814142,0
1589587200.0,9314.71000000,9574.09000000,9224.81000000,9387.32000000,136.89046200,1589673599999,1285974.25628104,2712,66.58135300,625702.11723189,0
1589673600.0,9384.97000000,9883.77000000,9340.55000000,9675.90000000,192.14302400,1589759999999,1855776.44296358,3434,99.88191900,961409.26615297,0
1589760000.0,9682.67000000,9953.20000000,9433.42000000,9735.91000000,228.59621700,1589846399999,2221113.18337307,3681,114.93276400,1118076.63103735,0
1589846400.0,9738.69000000,9893.93000000,9476.26000000,9771.90000000,166.99802100,1589932799999,1616047.12884711,3329,72.67788000,706349.29276717,0
1589932800.0,9776.96000000,9836.60000000,9318.19000000,9520.76000000,186.18466300,1590019199999,1781035.94343176,2867,70.14285900,672291.78881278,0
1590019200.0,9506.65000000,9564.73000000,8823.84000000,9058.33000000,241.57774600,1590105599999,2209187.86491761,3557,111.49601900,1019793.07279671,0
1590105600.0,9057.15000000,9260.90000000,8940.00000000,9169.41000000,124.68715000,1590191999999,1137763.21342246,2322,71.62922700,654681.61438044,0
1590192000.0,9166.81000000,9302.52000000,9091.22000000,9174.47000000,57.32949700,1590278399999,527660.74909552,1538,28.17637500,259676.88924607,0
1590278400.0,9177.48000000,9297.70000000,8684.62000000,8716.23000000,189.50722800,1590364799999,1701312.44591027,2809,88.28589400,795797.77621280,0
1590364800.0,8714.75000000,8979.62000000,8646.82000000,8890.24000000,176.87893200,1590451199999,1562194.61276062,2707,90.32349100,798528.89355590,0
1590451200.0,8900.59000000,9013.41000000,8704.33000000,8839.14000000,92.65307500,1590537599999,820292.69070833,1801,50.97586400,451864.60247663,0
1590537600.0,8842.15000000,9225.75000000,8820.00000000,9202.00000000,109.34668000,1590623999999,994500.78337490,2206,62.06206600,564211.65090436,0
1590624000.0,9205.00000000,9621.93000000,9115.16000000,9578.52000000,134.29743500,1590710399999,1256987.15334002,2535,78.53884000,734689.72864200,0
1590710400.0,9579.00000000,9603.73000000,9315.99000000,9424.31000000,74.02706600,1590796799999,701168.29741265,1883,25.32118500,240013.88840020,0
1590796800.0,9424.49000000,9739.00000000,9342.66000000,9698.33000000,116.29749100,1590883199999,1108335.64468651,2293,58.58066800,559344.87878864,0
1590883200.0,9701.31000000,9701.84000000,9398.65000000,9469.22000000,93.62073000,1590969599999,893869.47220922,2186,39.38603400,376784.85712580,0
1590969600.0,9449.84000000,10370.58000000,9424.72000000,10195.38000000,204.16299300,1591055999999,2005070.23572773,3750,128.55718500,1259500.05889548,0
1591056000.0,10200.00000000,10220.00000000,9283.85000000,9522.74000000,333.59845900,1591142399999,3243541.04233351,4664,138.43862100,1352782.61514928,0
1591142400.0,9514.23000000,9685.01000000,9391.90000000,9652.01000000,78.96836700,1591228799999,754104.77045587,1594,43.87415800,419635.41722112,0
1591228800.0,9669.50000000,9880.80000000,9455.00000000,9792.39000000,120.88707300,1591315199999,1172304.68297924,2355,68.54134200,665527.64389483,0
1591315200.0,9790.74000000,9849.29000000,9602.38000000,9628.52000000,110.72022000,1591401599999,1075701.11980385,2133,45.63600300,443266.90777420,0
1591401600.0,9613.97000000,9733.85000000,9537.90000000,9661.48000000,74.65526200,1591487999999,719133.96338587,1609,34.05256100,328496.98235576,0
1591488000.0,9667.25000000,9818.80000000,9365.70000000,9748.82000000,147.42265600,1591574399999,1415666.74500601,3058,72.07855900,693806.95582265,0
1591574400.0,9750.29000000,9801.01000000,9633.08000000,9774.31000000,78.64105400,1591660799999,764139.34371864,1542,45.19743300,439518.69379790,0
1591660800.0,9781.05000000,9872.56000000,9560.14000000,9772.99000000,140.76932600,1591747199999,1367445.16420313,1810,63.33891200,616318.31126230,0
1591747200.0,9764.48000000,9986.78000000,9695.99000000,9886.32000000,149.38785200,1591833599999,1467699.62416974,2443,72.04797100,709189.92513210,0
1591833600.0,9886.35000000,9958.93000000,9081.10000000,9269.70000000,257.61406200,1591919999999,2459345.65299843,4125,99.64782700,948954.99889316,0
1591920000.0,9258.29000000,9549.99000000,9242.21000000,9463.82000000,126.71520900,1592006399999,1192655.50114009,2064,68.38625400,644311.75259616,0
1592006400.0,9463.82000000,9489.97000000,9351.22000000,9465.95000000,39.62649000,1592092799999,373532.71101316,861,20.24439100,191045.28403460,0
1592092800.0,9462.31000000,9462.31000000,9245.04000000,9346.38000000,62.17131000,1592179199999,582323.19435077,1147,34.69817400,325320.74542333,0
1592179200.0,9323.26000000,9495.00000000,8923.23000000,9430.51000000,149.84434900,1592265599999,1380002.93996264,3104,73.74251600,681577.49278636,0
1592265600.0,9421.95000000,9587.03000000,9377.50000000,9529.10000000,96.53541800,1592351999999,916823.52852423,2048,50.27850600,477815.74867134,0
1592352000.0,9528.14000000,9564.15000000,9250.00000000,9463.47000000,87.38465400,1592438399999,823705.07798022,2029,39.48012100,372533.01448397,0
1592438400.0,9463.85000000,9483.41000000,9286.73000000,9390.23000000,49.78491700,1592524799999,467169.69079577,1142,20.50514500,192255.04696111,0
1592524800.0,9385.73000000,9438.96000000,9242.62000000,9314.01000000,77.60808200,1592611199999,725352.59690859,1608,41.81439200,391959.38263725,0
1592611200.0,9307.95000000,9396.76000000,9167.99000000,9353.98000000,46.64053400,1592697599999,433506.07485512,1196,20.43728800,190302.51430270,0
1592697600.0,9358.32000000,9417.09000000,9283.57000000,9294.41000000,42.98864900,1592783999999,401694.39663994,1129,19.07665600,178532.41223067,0
1592784000.0,9291.44000000,9777.15000000,9271.84000000,9680.86000000,119.48478000,1592870399999,1142124.28328666,2111,63.89795900,610742.93600867,0
1592870400.0,9689.28000000,9716.54000000,9550.00000000,9613.86000000,48.80660700,1592956799999,470309.49911107,1127,22.52857400,217300.47300665,0
1592956800.0,9625.71000000,9662.99000000,9211.35000000,9308.03000000,147.90073700,1593043199999,1388561.59765691,2044,54.58225200,511687.17765034,0
1593043200.0,9294.78000000,9334.94000000,9002.74000000,9254.68000000,111.48460700,1593129599999,1026985.85511568,2037,49.88862200,460423.23598507,0
1593129600.0,9249.20000000,9295.87000000,9050.00000000,9161.80000000,95.46644700,1593215999999,874507.33902834,1571,52.95958300,484969.19949752,0
1593216000.0,9162.35000000,9195.60000000,8835.06000000,9009.86000000,144.18041500,1593302399999,1297938.13208518,1678,68.48760900,617162.51440640,0
1593302400.0,8993.25000000,9191.26000000,8943.61000000,9118.09000000,62.38726400,1593388799999,567391.10499894,1028,35.85782500,326483.17182582,0
1593388800.0,9119.02000000,9238.72000000,9027.50000000,9182.67000000,61.12247900,1593475199999,558166.55931064,1205,32.72804800,299088.60259643,0
1593475200.0,9198.47000000,9199.66000000,9063.20000000,9132.51000000,52.00547300,1593561599999,475443.23354110,1149,25.03614900,229012.48932745,0
1593561600.0,9132.29000000,9289.52000000,9090.31000000,9231.97000000,90.95083400,1593647999999,837295.18761981,1758,40.91785400,376839.03569512,0
1593648000.0,9232.35000000,9257.75000000,8948.28000000,9085.99000000,107.69768000,1593734399999,978980.22931847,1985,45.92183700,417716.31485869,0
1593734400.0,9080.24000000,9121.51000000,9042.40000000,9058.26000000,38.00597700,1593820799999,345535.51917178,1130,18.41635800,167435.30490697,0
1593820800.0,9056.63000000,9191.90000000,9043.13000000,9139.68000000,64.97998600,1593907199999,592539.84035128,1370,34.35920600,313416.82353419,0
1593907200.0,9137.30000000,9141.86000000,8909.40000000,9075.83000000,84.81694800,1593993599999,766231.97210390,1831,40.47239000,365871.76614512,0
1593993600.0,9067.38000000,9369.88000000,9056.59000000,9344.62000000,114.06630200,1594079999999,1053996.81305291,1940,64.46255200,596577.78866651,0
1594080000.0,9344.15000000,9377.18000000,9206.54000000,9258.09000000,52.01312100,1594166399999,482169.76838674,1425,21.53352200,199846.40116637,0
1594166400.0,9262.19000000,9464.26000000,9233.38000000,9425.13000000,120.26263400,1594252799999,1124957.33715155,2503,54.34682000,508804.83673071,0
1594252800.0,9429.96000000,9432.63000000,9170.00000000,9234.39000000,68.51553800,1594339199999,635247.54081054,1496,35.10781400,325051.95978247,0
1594339200.0,9232.87000000,9315.30000000,9125.78000000,9285.54000000,70.07440400,1594425599999,644855.43321601,1626,31.87541500,294066.07477533,0
1594425600.0,9288.49000000,9298.97000000,9180.00000000,9233.85000000,28.97375100,1594511999999,267207.84007969,693,14.60798400,134689.27236348,0
1594512000.0,9230.97000000,9342.64000000,9159.78000000,9300.00000000,67.36077000,1594598399999,623712.86916973,1189,40.68111100,377410.94527736,0
1594598400.0,9300.00000000,9342.86000000,9198.53000000,9241.03000000,134.61411600,1594684799999,1249799.09068338,2638,79.34949000,736794.91925676,0
1594684800.0,9241.88000000,9279.55000000,9107.84000000,9255.02000000,76.47142000,1594771199999,704013.82618785,1608,29.21339900,269317.31016221,0
1594771200.0,9254.55000000,9274.12000000,9159.37000000,9201.51000000,56.09703000,1594857599999,516938.89413087,1416,28.31670800,261145.59245529,0
1594857600.0,9196.53000000,9221.29000000,9043.30000000,9130.79000000,51.93247300,1594943999999,473092.21356627,1164,24.48503200,223223.96513122,0
1594944000.0,9135.09000000,9181.95000000,9089.05000000,9153.08000000,26.46740300,1595030399999,241965.35414530,720,16.95189000,155039.23939008,0
1595030400.0,9147.68000000,9205.47000000,9122.89000000,9164.84000000,33.49803600,1595116799999,307022.85604580,1100,15.46344600,141758.88846116,0
1595116800.0,9170.52000000,9230.85000000,9106.76000000,9210.99000000,33.55628400,1595203199999,307549.35119545,649,24.45691300,224269.43058670,0
1595203200.0,9215.16000000,9220.16000000,9136.12000000,9162.00000000,49.36850000,1595289599999,452782.65466484,1138,20.46790200,187845.18540203,0
1595289600.0,9162.00000000,9431.33000000,9154.02000000,9386.46000000,137.42665400,1595375999999,1282154.81137215,1736,74.58320200,695340.37084740,0
1595376000.0,9388.52000000,9541.97000000,9285.13000000,9518.56000000,87.14833600,1595462399999,821578.67746750,1483,47.58769300,448657.09231535,0
1595462400.0,9520.51000000,9661.18000000,9450.00000000,9608.70000000,95.56866900,1595548799999,912463.04926864,1906,62.17444700,593855.67274505,0
1595548800.0,9601.25000000,9633.98000000,9474.37000000,9542.14000000,81.62378700,1595635199999,779059.24976443,1803,32.95864600,315122.86198276,0
1595635200.0,9541.82000000,9729.47000000,9535.47000000,9699.66000000,135.85259200,1595721599999,1309107.30650320,2666,65.90072800,636396.32745740,0
1595721600.0,9689.94000000,10130.38000000,9652.79000000,9919.91000000,240.59607600,1595807999999,2384130.54628051,3540,155.95891400,1544036.36678408,0
1595808000.0,9933.23000000,11387.17000000,9923.16000000,11025.59000000,1050.89651400,1595894399999,11195355.58645435,9203,540.33872500,5755539.46018431,0
1595894400.0,11032.42000000,11236.42000000,10587.94000000,10912.79000000,528.40863900,1595980799999,5795517.95352946,5969,239.60501400,2625191.45193611,0
1595980800.0,10908.96000000,11339.99000000,10833.19000000,11100.00000000,159.44525600,1596067199999,1771325.25175019,3123,72.30100000,803582.35509082,0
1596067200.0,11083.58000000,11168.31000000,10833.85000000,11100.77000000,84.02099600,1596153599999,924036.16200074,2177,39.17219000,431240.62050444,0
1596153600.0,11100.76000000,11436.77000000,10963.80000000,11342.27000000,120.55970400,1596239999999,1357398.54239113,2888,69.12226500,777600.91609586,0
1596240000.0,11339.93000000,11857.49000000,11229.46000000,11807.44000000,181.39757100,1596326399999,2109181.72344090,4987,83.93872000,975858.84694159,0
1596326400.0,11795.37000000,12106.78000000,10601.02000000,11051.39000000,331.08270200,1596412799999,3726671.06907404,6295,142.22778800,1599383.15598693,0
1596412800.0,11071.37000000,11474.76000000,10930.95000000,11218.62000000,151.11153200,1596499199999,1702914.18205245,3313,86.72113600,978311.55556418,0
1596499200.0,11219.18000000,11414.12000000,11017.99000000,11174.62000000,136.61791400,1596585599999,1534738.83723761,2577,43.39301400,487911.08647208,0
1596585600.0,11190.23000000,11779.04000000,11091.69000000,11749.51000000,169.29994100,1596671999999,1951353.80973862,3436,88.05776200,1017974.13165573,0
1596672000.0,11748.49000000,11902.45000000,11572.96000000,11760.52000000,108.64553600,1596758399999,1274112.23422210,2341,53.74133600,629030.92068042,0
1596758400.0,11762.52000000,11904.26000000,11503.63000000,11572.13000000,110.61103100,1596844799999,1289941.19272242,1838,52.85535100,617462.63426087,0
1596844800.0,11592.57000000,11803.91000000,11527.84000000,11753.11000000,129.94206100,1596931199999,1517461.58740314,2110,80.66601200,943556.35698285,0
1596931200.0,11762.89000000,11795.97000000,11530.00000000,11667.78000000,82.82689400,1597017599999,964953.03713323,2012,35.38813900,412683.30840112,0
1597017600.0,11681.74000000,12059.94000000,11442.01000000,11882.65000000,171.98442900,1597103999999,2036538.14444434,2952,72.63916900,862120.73853651,0
1597104000.0,11891.62000000,11934.60000000,11119.32000000,11392.15000000,176.36010200,1597190399999,2032652.04131802,3914,62.30089400,716169.73496807,0
1597190400.0,11389.33000000,11618.25000000,11146.46000000,11566.44000000,94.55592500,1597276799999,1083905.73203528,2031,57.14653400,655164.36157363,0
1597276800.0,11571.37000000,11790.01000000,11276.57000000,11764.66000000,128.80188200,1597363199999,1490633.23510098,2580,66.93008600,774638.11419643,0
1597363200.0,11787.67000000,11853.21000000,11638.15000000,11760.40000000,119.84592900,1597449599999,1411046.99939265,2611,75.32532900,888309.35749496,0
1597449600.0,11762.81000000,11976.18000000,11691.56000000,11867.17000000,104.31005800,1597535999999,1237473.10939457,1731,39.68187000,471250.47730398,0
1597536000.0,11851.89000000,11928.76000000,11692.07000000,11912.10000000,41.13053800,1597622399999,485871.54045425,1308,20.25018100,239167.73766880,0
1597622400.0,11913.37000000,12464.20000000,11770.68000000,12271.40000000,202.88071000,1597708799999,2459145.20656229,3315,99.29972800,1204715.05602269,0
1597708800.0,12285.28000000,12384.95000000,11820.00000000,11957.77000000,139.84325000,1597795199999,1683505.19747339,2329,61.65341300,743339.84657522,0
1597795200.0,11941.63000000,12001.73000000,11565.01000000,11742.87000000,167.01296900,1597881599999,1962443.00632391,2578,92.36488600,1085700.97214723,0
1597881600.0,11750.08000000,11878.82000000,11678.38000000,11864.51000000,56.58138500,1597967999999,667028.47297562,1166,31.15972000,367738.97983932,0
1597968000.0,11851.42000000,11879.76000000,11490.00000000,11528.20000000,114.56486700,1598054399999,1339026.93779136,2481,44.09503400,515429.97231868,0
1598054400.0,11514.42000000,11684.68000000,11384.20000000,11658.24000000,53.68140000,1598140799999,619427.74869789,1257,27.80525200,320893.36515985,0
1598140800.0,11656.27000000,11706.78000000,11515.35000000,11649.35000000,27.75239900,1598227199999,322601.90388538,838,11.72565300,136524.51282279,0
1598227200.0,11649.27000000,11827.84000000,11385.16000000,11759.18000000,191.34851500,1598313599999,2218044.02856440,2886,86.57178000,1006218.80710284,0
1598313600.0,11744.45000000,11761.99000000,11125.00000000,11329.12000000,105.54549100,1598399999999,1201663.57529043,2246,41.99655500,477604.36856179,0
1598400000.0,11317.73000000,11536.32000000,11255.11000000,11466.43000000,55.22837500,1598486399999,630425.47366347,996,30.90984400,353174.80918544,0
1598486400.0,11460.40000000,11588.68000000,11125.66000000,11320.03000000,121.94757800,1598572799999,1381039.33281349,1986,54.19541200,614096.78441800,0
1598572800.0,11329.22000000,11539.86000000,11275.76000000,11527.41000000,59.70564900,1598659199999,681735.48011623,1289,38.05024600,434244.05546327,0
1598659200.0,11527.41000000,11573.28000000,11420.47000000,11481.90000000,42.57442900,1598745599999,489364.01809834,936,21.97052800,252851.43020715,0
1598745600.0,11467.58000000,11710.00000000,11467.58000000,11692.80000000,41.28475400,1598831999999,479507.46718661,1034,17.50722500,203432.98383182,0
1598832000.0,11714.43000000,11773.44000000,11575.00000000,11655.00000000,60.36360100,1598918399999,705152.91043389,1418,24.48204800,286503.40923214,0
1598918400.0,11648.13000000,12048.89000000,11532.85000000,11915.67000000,83.80753700,1599004799999,994356.62937598,1766,43.16363200,512797.10848286,0
1599004800.0,11913.71000000,11947.02000000,11161.84000000,11385.77000000,170.70155700,1599091199999,1957063.46464914,2592,77.67061300,891376.27496316,0
1599091200.0,11382.69000000,11455.74000000,9976.71000000,10158.14000000,318.49745800,1599177599999,3396771.01113151,4360,148.41228300,1579050.02267577,0
1599177600.0,10149.12000000,10618.52000000,9907.49000000,10459.20000000,250.94571400,1599263999999,2599497.48056942,3110,139.26676000,1442388.80643138,0
1599264000.0,10443.53000000,10560.98000000,9826.51000000,10147.46000000,333.87379900,1599350399999,3378374.28073069,3707,157.79850600,1599004.00944070,0
1599350400.0,10170.20000000,10335.04000000,10002.52000000,10250.85000000,85.71795100,1599436799999,871830.87063406,1304,43.30353400,441252.48151049,0
1599436800.0,10249.99000000,10403.75000000,9875.32000000,10356.73000000,160.53320000,1599523199999,1623190.98002260,2365,78.28424500,794464.83146902,0
1599523200.0,10386.73000000,10438.09000000,9844.19000000,10120.33000000,266.81162700,1599609599999,2687264.72640396,3127,122.98529100,1237570.22359788,0
1599609600.0,10126.18000000,10348.12000000,9981.24000000,10214.95000000,64.17446500,1599695999999,652444.99699760,1271,31.68035000,322716.06041115,0
1599696000.0,10212.98000000,10475.88000000,10212.98000000,10338.70000000,85.82090000,1599782399999,888813.46575706,1554,48.68482700,504800.41370649,0
1599782400.0,10335.36000000,10398.01000000,10201.72000000,10389.64000000,46.12152300,1599868799999,475201.63451157,916,23.00211800,237231.42822440,0
1599868800.0,10396.34000000,10478.71000000,10274.92000000,10440.68000000,48.72727900,1599955199999,505474.68439307,781,37.12339100,385006.09022572,0
1599955200.0,10447.72000000,10576.06000000,10215.95000000,10316.74000000,80.15777100,1600041599999,833207.60502606,1700,27.79037500,289447.11800175,0
1600041600.0,10324.08000000,10754.08000000,10247.48000000,10656.20000000,93.32158300,1600127999999,983411.29503923,1823,64.73302500,681872.75213258,0
1600128000.0,10674.48000000,10926.64000000,10617.66000000,10765.22000000,87.00006500,1600214399999,937300.89503249,1624,41.84688100,450780.95150390,0
1600214400.0,10779.76000000,11089.47000000,10667.62000000,10948.61000000,68.51126900,1600300799999,748220.64064421,1603,26.21543600,287085.64552388,0
1600300800.0,10951.48000000,11044.24000000,10748.77000000,10941.20000000,89.08452400,1600387199999,968226.73075560,1593,31.08017200,338316.28709605,0
1600387200.0,10942.84000000,11036.46000000,10814.42000000,10934.34000000,60.13780600,1600473599999,656186.55862921,1724,26.57986500,290373.24688333,0
1600473600.0,10933.91000000,11181.99000000,10894.54000000,11079.87000000,55.33977800,1600559999999,611856.84900674,1403,28.96215000,319879.54047858,0
1600560000.0,11066.01000000,11075.73000000,10763.18000000,10913.29000000,71.55416400,1600646399999,780634.07432232,1727,20.65350900,225144.21375781,0
1600646400.0,10923.84000000,10987.00000000,10298.10000000,10430.45000000,91.00968000,1600732799999,965312.02805237,1889,37.50468300,397593.54572362,0
1600732800.0,10419.57000000,10573.23000000,10361.39000000,10520.66000000,48.57699600,1600819199999,508828.33900711,850,28.77986800,301880.26576060,0
1600819200.0,10529.40000000,10533.36000000,10145.54000000,10231.48000000,117.26769500,1600905599999,1216391.72813480,1648,59.47388000,616272.31712079,0
1600905600.0,10242.56000000,10789.58000000,10209.09000000,10732.42000000,88.73253200,1600991999999,938321.19719786,1375,59.31320900,627677.18818034,0
1600992000.0,10736.88000000,10761.38000000,10525.50000000,10680.30000000,93.69319600,1601078399999,995641.33344438,1187,36.49200400,389205.76899611,0
1601078400.0,10686.29000000,10814.86000000,10650.24000000,10728.21000000,45.31959700,1601164799999,486442.42077453,590,29.46445900,316469.93961373,0
1601164800.0,10738.30000000,10799.34000000,10596.51000000,10769.13000000,37.35364000,1601251199999,399659.46202661,623,19.06841900,204108.10652756,0
1601251200.0,10782.36000000,10940.96000000,10644.91000000,10700.46000000,116.44020100,1601337599999,1261310.97182565,1246,43.26048500,469241.68276518,0
1601337600.0,10690.79000000,10867.58000000,10636.31000000,10841.38000000,52.66595100,1601423999999,565011.78583546,933,25.63647800,275343.25831280,0
1601424000.0,10845.75000000,10851.53000000,10664.15000000,10772.67000000,38.97362900,1601510399999,419222.66870622,601,13.94414700,149926.90412694,0
1601510400.0,10782.79000000,10912.76000000,10456.66000000,10621.97000000,144.01270300,1601596799999,1538884.96058022,1624,58.01092500,622903.46847923,0
1601596800.0,10595.89000000,10660.00000000,10379.18000000,10570.64000000,114.64959400,1601683199999,1205473.21244338,1197,63.65839000,669559.57410466,0
1601683200.0,10570.48000000,10599.24000000,10497.13000000,10539.04000000,23.28093400,1601769599999,245472.56832575,338,13.29294600,140274.72273616,0
1601769600.0,10532.08000000,10699.07000000,10523.10000000,10666.54000000,37.83473900,1601855999999,401718.97814315,615,22.47771000,238860.64181358,0
1601856000.0,10661.45000000,10786.07000000,10619.54000000,10783.00000000,56.93544200,1601942399999,609344.13410930,873,26.34103000,281806.71533704,0
1601942400.0,10796.67000000,10796.67000000,10528.95000000,10598.86000000,77.00937400,1602028799999,819952.41653629,1521,26.61733400,283686.67278252,0
1602028800.0,10599.05000000,10676.29000000,10548.27000000,10667.21000000,35.54630600,1602115199999,377179.26696446,833,21.17267000,224700.91742322,0
1602115200.0,10667.45000000,10943.29000000,10541.00000000,10926.78000000,94.81160000,1602201599999,1021688.80729686,1405,58.42554100,629177.95359158,0
1602201600.0,10928.95000000,11100.00000000,10831.05000000,11057.75000000,95.00426100,1602287999999,1040774.92158557,1272,46.50628700,509470.89208391,0
1602288000.0,11060.37000000,11475.47000000,11057.74000000,11296.19000000,140.19995200,1602374399999,1587244.27983972,3181,72.14052900,814799.47903012,0
1602374400.0,11306.83000000,11436.80000000,11275.24000000,11377.21000000,74.39788800,1602460799999,844160.43529070,860,29.35618800,333298.15919192,0
1602460800.0,11369.31000000,11719.00000000,11167.04000000,11534.76000000,134.33204400,1602547199999,1541193.95943221,1430,53.11677600,611043.97246648,0
1602547200.0,11540.74000000,11553.07000000,11312.40000000,11424.77000000,138.96464500,1602633599999,1589937.49992038,1531,42.42778300,486046.18365220,0
1602633600.0,11422.09000000,11537.37000000,11287.37000000,11421.15000000,75.07155900,1602719999999,856065.14310958,1165,30.20643400,344579.08179611,0
1602720000.0,11422.59000000,11608.99000000,11257.86000000,11489.69000000,107.74119700,1602806399999,1233849.24484492,1619,57.60652000,660584.45984340,0
1602806400.0,11501.56000000,11539.27000000,11206.51000000,11315.48000000,95.41623400,1602892799999,1079984.25473402,1603,30.36197200,344436.57586760,0
1602892800.0,11317.69000000,11404.41000000,11256.67000000,11358.66000000,35.23677400,1602979199999,399314.26052302,714,15.68554500,177933.29607992,0
1602979200.0,11360.85000000,11503.20000000,11349.42000000,11500.57000000,65.91761700,1603065599999,752926.66406367,1004,36.39687200,415689.80515688,0
1603065600.0,11504.77000000,11815.88000000,11410.00000000,11739.23000000,131.84050800,1603151999999,1534953.81929232,1578,70.09123800,814174.85214154,0
1603152000.0,11753.05000000,12033.02000000,11685.00000000,11916.70000000,166.70100500,1603238399999,1976794.24387294,2510,70.76707700,839223.59662529,0
1603238400.0,11916.19000000,13211.49000000,10150.00000000,12785.00000000,444.38390100,1603324799999,5566837.56652949,5719,193.20332800,2426117.38247165,0
1603324800.0,12785.00000000,13180.80000000,12695.95000000,12983.94000000,208.68631100,1603411199999,2694524.12732947,4242,91.51660200,1181160.15656291,0
1603411200.0,12974.31000000,13021.75000000,12730.13000000,12929.34000000,99.93042800,1603497599999,1291129.52249408,2861,51.55185000,666681.10854169,0
1603497600.0,12934.27000000,13163.60000000,12879.02000000,13106.87000000,83.04672300,1603583999999,1082701.70548564,1631,41.47299400,541181.75676556,0
1603584000.0,13106.95000000,13344.21000000,12893.93000000,13025.11000000,140.65133100,1603670399999,1837791.05020123,2244,53.72609900,703404.07984635,0
1603670400.0,13032.80000000,13229.63000000,12772.58000000,13062.42000000,128.88849300,1603756799999,1678597.04884739,2217,54.21962500,706538.01262788,0
1603756800.0,13054.78000000,13786.29000000,13047.35000000,13634.68000000,164.74662200,1603843199999,2215204.21050670,2470,63.30614800,851329.80975658,0
1603843200.0,13634.29000000,13853.49000000,12904.63000000,13281.60000000,167.82891200,1603929599999,2247145.08609421,2837,83.09723000,1110084.39817287,0
1603929600.0,13267.84000000,13641.89000000,12980.00000000,13441.16000000,149.86252200,1604015999999,2001257.78010077,2214,63.00881600,840558.39105833,0
1604016000.0,13453.21000000,13664.48000000,13120.56000000,13559.91000000,166.81886000,1604102399999,2229936.74435788,2035,85.38982400,1143897.32468367,0
1604102400.0,13560.00000000,14091.73000000,13425.16000000,13799.01000000,146.75849400,1604188799999,2020883.72062259,1738,74.39981000,1022429.17189557,0
1604188800.0,13779.65000000,13886.42000000,13629.62000000,13749.69000000,49.02653000,1604275199999,674303.44377374,1062,22.53800000,310213.88021621,0
1604275200.0,13758.45000000,13826.80000000,13201.67000000,13572.31000000,150.25167500,1604361599999,2030909.18167297,2197,77.31990700,1045020.19683665,0
1604361600.0,13563.01000000,14067.12000000,13300.00000000,14013.83000000,133.24565300,1604447999999,1817347.30271523,2205,60.28591100,825105.44648424,0
1604448000.0,14018.00000000,14247.19000000,13540.77000000,14141.89000000,198.08369600,1604534399999,2763477.06916139,3909,87.92970500,1229111.48103926,0
1604534400.0,14147.64000000,15754.48000000,14097.27000000,15589.43000000,257.66734900,1604620799999,3834599.99221636,5339,139.01387000,2062713.47375678,0
1604620800.0,15585.47000000,15966.08000000,15182.77000000,15569.24000000,261.71631500,1604707199999,4074883.55795573,5980,122.86916000,1913558.79649935,0
1604707200.0,15569.40000000,15755.88000000,14366.05000000,14817.32000000,322.71546300,1604793599999,4835744.47976347,5824,157.06907600,2355463.95134487,0
1604793600.0,14806.61000000,15653.90000000,14706.58000000,15479.82000000,139.91545500,1604879999999,2124775.36808442,3946,70.69465300,1069881.11966721,0
1604880000.0,15512.86000000,15839.35000000,14816.86000000,15323.85000000,248.02283400,1604966399999,3804776.28686673,7082,115.90733200,1774622.15494521,0
1604966400.0,15331.79000000,15453.12000000,15079.11000000,15296.25000000,95.25867100,1605052799999,1454738.72916909,3308,52.73572600,806456.93053681,0
1605052800.0,15299.10000000,15961.88000000,15280.60000000,15695.00000000,133.31182500,1605139199999,2093556.43180696,3969,68.24195600,1071733.45514790,0
1605139200.0,15704.10000000,16337.86000000,15456.66000000,16284.38000000,246.02422200,1605225599999,3923228.18890369,6360,112.98329800,1804294.77022285,0
1605225600.0,16312.14000000,16467.19000000,15949.83000000,16324.84000000,128.25620800,1605311999999,2086307.74778441,4123,45.97254400,747810.37360892,0
1605312000.0,16288.11000000,16294.17000000,15714.28000000,16060.48000000,92.19725500,1605398399999,1472033.36852317,3503,43.75491600,698718.25552225,0
1605398400.0,16072.67000000,16159.59000000,15779.45000000,15948.47000000,35.50402900,1605484799999,566881.54571430,2015,19.20987400,306779.42536415,0
1605484800.0,15937.16000000,16883.95000000,15873.74000000,16702.53000000,141.91528200,1605571199999,2335103.93037226,3081,64.20166400,1058841.85725879,0
1605571200.0,16709.18000000,17851.64000000,16552.05000000,17664.52000000,282.07436400,1605657599999,4889142.96878519,6269,137.93282700,2391883.16783891,0
1605657600.0,17654.86000000,18465.87000000,17231.66000000,17776.29000000,462.33175900,1605743999999,8223940.46539938,10606,238.20657500,4234715.77581962,0
1605744000.0,17806.97000000,18175.37000000,17348.97000000,17811.00000000,139.76126900,1605830399999,2492545.89113569,5751,72.84029900,1298807.02021195,0
1605830400.0,17802.91000000,18808.03000000,17752.87000000,18648.05000000,209.55667900,1605916799999,3860510.24271144,6279,86.46104400,1592317.04160907,0
1605916800.0,18664.75000000,18961.89000000,18332.83000000,18690.39000000,173.28319200,1606003199999,3236002.17053267,6244,79.41098700,1484977.25548381,0
1606003200.0,18672.48000000,18746.93000000,17621.63000000,18431.25000000,220.48253000,1606089599999,4035749.49879715,7722,108.36689000,1984257.37592408,0
1606089600.0,18410.28000000,18761.43000000,18014.81000000,18368.93000000,193.94824800,1606175999999,3564764.56203292,7916,97.15243100,1787156.48547195,0
1606176000.0,18362.98000000,19416.29000000,18016.39000000,19157.11000000,268.14724600,1606262399999,5070334.71404533,10057,113.59575700,2149995.25735009,0
1606262400.0,19159.52000000,19486.66000000,18500.00000000,18732.46000000,221.09160700,1606348799999,4209618.46656399,7935,114.21759800,2177199.73353676,0
1606348800.0,18718.36000000,18912.10000000,16217.12000000,17157.00000000,805.08008300,1606435199999,13847225.71967829,20839,394.52473400,6787536.12265099,0
1606435200.0,17164.49000000,17450.00000000,16453.41000000,17137.21000000,238.30600900,1606521599999,4042890.66915209,11006,122.77685200,2082052.24947267,0
1606521600.0,17139.08000000,17874.66000000,16867.66000000,17727.70000000,150.73423800,1606607999999,2632810.49950772,5757,70.54897700,1234534.48498833,0
1606608000.0,17722.16000000,18337.11000000,17525.71000000,18170.19000000,130.31614500,1606694399999,2339598.79012955,5142,66.40544800,1190906.55241580,0
1606694400.0,18183.08000000,19866.14000000,18183.08000000,19695.93000000,486.30434300,1606780799999,9363898.77746189,15212,219.19879700,4220396.29465280,0
1606780800.0,19698.30000000,19884.88000000,18087.28000000,18777.93000000,619.20122700,1606867199999,11799045.12778402,20517,319.37753200,6074875.86141178,0
1606867200.0,18765.52000000,19336.66000000,18332.52000000,19200.94000000,355.50623400,1606953599999,6718099.49873791,15573,172.72754600,3264791.22431565,0
1606953600.0,19197.51000000,19602.43000000,18873.45000000,19421.34000000,206.95802700,1607039999999,3990088.17586181,9791,89.06048300,1717057.08561486,0
1607040000.0,19406.98000000,19525.05000000,18577.93000000,18659.04000000,367.68035300,1607126399999,7007047.02978649,12734,158.21935700,3010701.45491079,0
1607126400.0,18645.45000000,19176.51000000,18500.00000000,19148.70000000,98.69861800,1607212799999,1863705.58879007,6052,49.60577300,935576.69514514,0
1607212800.0,19137.36000000,19420.81000000,18864.86000000,19371.19000000,114.29575400,1607299199999,2188820.63850680,4395,57.14565900,1095711.55220220,0
1607299200.0,19381.11000000,19428.25000000,18905.46000000,19185.21000000,118.61067200,1607385599999,2269462.06068532,1902,56.85607100,1089271.40837404,0
1607385600.0,19186.32000000,19294.07000000,18188.89000000,18325.63000000,263.83534700,1607471999999,4930538.08963956,6816,120.54068100,2253430.34565751,0
1607472000.0,18321.22000000,18644.19000000,17653.54000000,18546.39000000,387.65927500,1607558399999,7047989.80214799,10371,188.43233300,3425763.35638329,0
1607558400.0,18545.62000000,18550.94000000,17930.00000000,18246.54000000,229.06680900,1607644799999,4185245.14783483,7138,114.40000500,2088701.14040343,0
1607644800.0,18251.96000000,18294.08000000,17566.60000000,18027.76000000,369.01074300,1607731199999,6611187.95544713,9204,181.20953500,3247299.57631668,0
1607731200.0,18032.18000000,18946.60000000,18023.06000000,18811.26000000,176.85189800,1607817599999,3271733.87672369,5271,97.07989300,1795647.47552511,0
1607817600.0,18808.78000000,19420.37000000,18711.27000000,19175.96000000,193.79449200,1607903999999,3704279.06832107,6651,94.43434800,1801702.40407337,0
1607904000.0,19170.85000000,19343.45000000,19007.14000000,19273.23000000,203.65291200,1607990399999,3904966.47732754,5939,87.05707400,1670715.32060799,0
1607990400.0,19279.38000000,19567.68000000,19056.50000000,19428.77000000,367.57456500,1608076799999,7106634.25643031,7968,159.64919100,3088545.29668591,0
1608076800.0,19434.32000000,21537.30000000,19284.48000000,21350.80000000,691.82997000,1608163199999,14101380.92643205,12014,336.62036400,6852882.90950803,0
1608163200.0,21341.20000000,23801.60000000,21235.72000000,22812.74000000,913.68950100,1608249599999,20695730.65880707,18731,455.10503700,10300588.78213613,0
1608249600.0,22814.55000000,23284.91000000,22351.06000000,23107.85000000,307.90069500,1608335999999,7042924.53767971,13113,120.20786300,2749545.06929631,0
1608336000.0,23114.04000000,24172.13000000,22761.33000000,23827.87000000,337.20900100,1608422399999,7941749.67797582,12272,164.93469300,3889791.68683376,0
1608422400.0,23817.99000000,24292.51000000,23081.64000000,23476.66000000,341.49937100,1608508799999,8051305.59476647,16541,159.85523100,3771439.50650820,0
1608508800.0,23460.94000000,24112.35000000,21959.66000000,22739.60000000,378.43706400,1608595199999,8722533.69656360,15781,185.79784400,4277797.40326548,0
1608595200.0,22731.75000000,23830.29000000,22381.00000000,23824.13000000,297.04697100,1608681599999,6867966.86114408,16959,148.46086600,3431022.73640892,0
1608681600.0,23816.25000000,24105.18000000,22600.00000000,23223.32000000,384.22195800,1608767999999,9009200.13516412,21570,166.78995400,3912157.91031733,0
1608768000.0,23227.24000000,23795.75000000,22710.57000000,23725.66000000,289.28457600,1608854399999,6695160.56231768,16869,132.21187400,3064524.69572686,0
1608854400.0,23733.42000000,24781.00000000,23433.62000000,24698.70000000,345.77541900,1608940799999,8365541.06666970,14479,180.20966000,4362856.95522366,0
1608940800.0,24713.78000000,26855.06000000,24489.33000000,26472.63000000,336.38024000,1609027199999,8569249.68071481,17381,161.28946300,4113638.85576499,0
1609027200.0,26507.22000000,28419.58000000,25820.00000000,26281.85000000,651.82842400,1609113599999,17677689.27388860,28310,304.15422000,8231395.19740926,0
1609113600.0,26280.53000000,27496.94000000,26099.46000000,27084.18000000,330.10534900,1609199999999,8909443.28779478,12296,155.29945000,4191230.71385798,0
1609200000.0,27090.86000000,27404.86000000,25898.79000000,27359.58000000,281.97416400,1609286399999,7511423.06474402,6604,132.52383700,3531102.94541662,0
1609286400.0,27385.02000000,28993.55000000,27385.02000000,28873.33000000,473.38366300,1609372799999,13295550.17800820,18174,207.85858400,5837665.06847572,0
1609372800.0,28879.64000000,29313.26000000,27901.00000000,28905.32000000,438.69587900,1609459199999,12613854.08672356,17958,217.08353900,6248489.70501896,0
1609459200.0,28933.86000000,29611.51000000,28649.46000000,29305.29000000,298.35708500,1609545599999,8712083.09306590,13823,112.77217800,3294875.28198425,0
1609545600.0,29321.41000000,33271.38000000,28955.02000000,32162.01000000,667.48233800,1609631999999,20881659.41692832,22137,366.55015700,11439289.83388707,0
1609632000.0,32174.75000000,34776.59000000,31942.96000000,33031.74000000,701.95108700,1609718399999,23523170.34462016,27478,324.17095500,10856922.60993062,0
1609718400.0,33034.55000000,33593.47000000,27500.00000000,32005.27000000,987.27989400,1609804799999,30943963.21755061,32761,490.73124300,15396120.92853737,0
1609804800.0,31996.54000000,34392.59000000,29937.69000000,33946.09000000,765.31426500,1609891199999,24586401.77872102,33628,425.88415700,13703977.59190060,0
1609891200.0,33939.15000000,36935.58000000,33319.67000000,36756.07000000,864.71427900,1609977599999,30185668.03805778,40754,434.99036500,15188561.52452434,0
1609977600.0,36761.31000000,40358.96000000,35813.86000000,39444.65000000,770.12727400,1610063999999,29323017.77771191,35244,381.88703800,14569943.49309675,0
1610064000.0,39437.66000000,41958.85000000,36589.00000000,40597.20000000,967.34950300,1610150399999,38475636.89771977,46478,500.86675500,19933717.66540755,0
1610150400.0,40574.89000000,41371.87000000,38739.22000000,40090.54000000,484.91029600,1610236799999,19524454.24187214,32379,231.96485700,9340726.55196204,0
1610236800.0,40092.11000000,41330.71000000,35200.00000000,38182.97000000,740.14556200,1610323199999,28779739.96397699,42084,363.64040600,14157405.32960425,0
1610323200.0,38166.79000000,38288.44000000,30471.78000000,35438.75000000,1870.95131900,1610409599999,63186635.31973670,43725,992.08580200,33530904.17570248,0
1610409600.0,35438.75000000,36600.10000000,32600.00000000,34041.15000000,919.59742700,1610495999999,31935328.90571347,43971,461.75110100,16040684.80984039,0
1610496000.0,34044.28000000,37805.88000000,32403.05000000,37351.77000000,843.62907300,1610582399999,29057479.02602581,40335,403.59990400,13919319.81856924,0
1610582400.0,37329.13000000,40100.54000000,36766.07000000,39175.88000000,407.51549700,1610668799999,15715758.18542151,31318,194.78537800,7526879.23671242,0
1610668800.0,39138.66000000,39723.34000000,34444.39000000,36732.12000000,554.12790900,1610755199999,20378498.04992207,41157,244.02432500,8968295.75156952,0
1610755200.0,36734.73000000,37948.26000000,35350.00000000,35982.21000000,385.98172100,1610841599999,14202479.53691673,31983,176.39039800,6495842.49804094,0
1610841600.0,35982.20000000,36842.50000000,33859.11000000,35826.78000000,308.50895600,1610927999999,10929471.80250950,29533,130.34092400,4624394.67178721,0
1610928000.0,35841.98000000,37469.87000000,34787.46000000,36627.61000000,329.06746200,1611014399999,11880727.07617524,26924,139.01613400,5024578.72591390,0
1611014400.0,36624.79000000,37848.91000000,35874.74000000,35926.59000000,340.56525700,1611100799999,12544586.63244199,29496,165.64725000,6105871.12226378,0
1611100800.0,35867.39000000,36398.16000000,33351.36000000,35484.17000000,525.95410000,1611187199999,18325661.94344271,32591,207.96819300,7240832.26521384,0
1611187200.0,35464.08000000,35604.47000000,30191.00000000,30748.54000000,895.46566400,1611273599999,28945579.36678304,31621,369.89607300,11991176.61154791,0
1611273600.0,30873.21000000,33827.83000000,29000.00000000,33045.55000000,870.31842700,1611359999999,26677749.66769687,17323,402.74556400,12350559.04739526,0
1611360000.0,32941.38000000,33451.56000000,31400.00000000,32110.30000000,210.84972100,1611446399999,6827842.65824214,5831,89.89763800,2915604.11120541,0
1611446400.0,32064.71000000,33073.47000000,30895.25000000,32276.80000000,181.79763400,1611532799999,5809339.73844663,4286,54.09679200,1742139.43747546,0
1611532800.0,32276.46000000,34860.00000000,31937.89000000,32222.22000000,275.09461900,1611619199999,9110354.86181086,7250,97.44685300,3247449.06869270,0
1611619200.0,32218.20000000,32920.00000000,30831.41000000,32457.97000000,247.09562400,1611705599999,7883870.01678576,6570,109.29737600,3490323.25196347,0
1611705600.0,32493.78000000,32555.70000000,29250.00000000,30356.27000000,301.39031800,1611791999999,9274209.85104054,8187,141.50158500,4355484.00548574,0
1611792000.0,30351.17000000,33780.50000000,29858.10000000,33311.17000000,286.03094600,1611878399999,9106948.03980745,7973,126.94279800,4049412.72016841,0
1611878400.0,33372.95000000,38539.39000000,31929.72000000,34242.42000000,987.91682500,1611964799999,35133643.12986929,24624,441.04151900,15668663.16903175,0
1611964800.0,34282.21000000,34929.32000000,32835.91000000,34240.95000000,310.24204900,1612051199999,10536117.49029808,8586,158.08543800,5379757.81688856,0
1612051200.0,34240.99000000,34334.27000000,32166.67000000,33071.34000000,190.64197800,1612137599999,6335110.90285007,5215,95.49188200,3176089.12488207,0
1612137600.0,33097.72000000,34700.00000000,32287.34000000,33545.56000000,215.25848400,1612223999999,7258656.25372600,6071,108.28437200,3654334.13197203,0
1612224000.0,33491.57000000,35976.92000000,33440.11000000,35505.83000000,251.94141800,1612310399999,8763795.90955589,6808,136.10158000,4732923.01034109,0
1612310400.0,35477.64000000,37652.50000000,35381.06000000,37633.27000000,499.41585300,1612396799999,18264616.01160285,12614,112.24821700,4117065.10480587,0
1612396800.0,37601.48000000,38696.53000000,36181.63000000,36961.45000000,794.37707800,1612483199999,29804100.67066986,21699,259.98219500,9745541.44870451,0
1612483200.0,36935.44000000,38344.42000000,36570.91000000,38306.68000000,400.51365200,1612569599999,15094025.28817693,12726,86.90501800,3268513.52507968,0
1612569600.0,38306.68000000,40958.13000000,38209.70000000,39220.16000000,271.93314000,1612655999999,10768964.01074215,12234,110.74289700,4396888.35773431,0
1612656000.0,39177.37000000,39680.56000000,37360.12000000,38789.40000000,365.48076500,1612742399999,14077256.77115848,11563,113.36172000,4371291.17845548,0
1612742400.0,38796.29000000,46788.25000000,38009.78000000,46386.93000000,589.68891800,1612828799999,25030812.47228395,20829,231.79514600,9965031.19175015,0
1612828800.0,46410.03000000,48123.70000000,45014.73000000,46468.40000000,557.38156800,1612915199999,25993562.32401953,17911,185.57785600,8677332.15111939,0
1612915200.0,46468.40000000,47300.00000000,43700.00000000,44871.28000000,477.33490400,1613001599999,21733181.03811529,18033,127.74506500,5834658.63778919,0
1613001600.0,44871.28000000,48710.45000000,43984.89000000,47961.49000000,334.62412800,1613087999999,15455629.82683425,13054,137.21857000,6371482.41870453,0
1613088000.0,47977.55000000,48986.88000000,46157.73000000,47326.29000000,374.04716800,1613174399999,17742246.22779752,14197,119.40758600,5679016.82348891,0
1613174400.0,47319.46000000,48128.28000000,46233.27000000,47110.11000000,292.69717100,1613260799999,13840646.41390588,10652,54.10885300,2558918.77044726,0
1613260800.0,47138.70000000,49691.04000000,47011.23000000,48589.46000000,182.83934400,1613347199999,8863273.86609896,9239,94.05104200,4563110.43539721,0
1613347200.0,48580.94000000,48983.98000000,45610.03000000,47907.41000000,434.84109600,1613433599999,20801223.21267264,11201,121.40420100,5763385.46401909,0
1613433600.0,47922.97000000,50684.84000000,47037.04000000,49132.87000000,449.06667600,1613519999999,21940235.12441690,12103,169.78087500,8326771.27242078,0
1613520000.0,49167.87000000,52615.33000000,48964.28000000,52039.76000000,407.38366600,1613606399999,20844372.72457191,12441,134.44070900,6857493.55458738,0
1613606400.0,52118.97000000,52520.18000000,50914.90000000,51614.67000000,336.43120900,1613692799999,17467396.80824625,7496,96.37151600,5002657.22510771,0
1613692800.0,51578.71000000,56335.12000000,50738.02000000,55876.00000000,327.56214700,1613779199999,17533585.68993213,12846,147.81653400,7949169.36289227,0
1613779200.0,55929.59000000,57567.00000000,53865.08000000,55858.83000000,300.73853800,1613865599999,16895130.78055506,19958,144.20096300,8101355.79144491,0
1613865600.0,55853.06000000,58361.09000000,55462.71000000,57425.47000000,227.73014400,1613951999999,12995734.53381507,17205,104.93925600,5983519.13197186,0
1613952000.0,57416.19000000,57509.40000000,47913.84000000,54152.15000000,567.68314300,1614038399999,30460559.69618743,25969,282.50150500,15164853.83144025,0
1614038400.0,54118.63000000,54179.23000000,44928.36000000,48903.91000000,866.73560600,1614124799999,42115993.03391842,22512,391.68757300,18964194.43616558,0
1614124800.0,48913.96000000,51356.82000000,46953.92000000,49682.98000000,358.70656400,1614211199999,17803645.31749327,20778,165.34743600,8223884.53267249,0
1614211200.0,49679.78000000,52001.06000000,46708.76000000,47075.19000000,333.52772100,1614297599999,16633718.98847942,20942,154.20219100,7698792.92451184,0
1614297600.0,47013.45000000,48435.78000000,44111.32000000,46314.74000000,457.13846200,1614383999999,21252491.05219016,27401,222.19157800,10357314.59129060,0
1614384000.0,46303.21000000,48375.00000000,45013.60000000,46113.12000000,229.09745800,1614470399999,10754234.78864974,19342,109.34699000,5125742.49149756,0
1614470400.0,46107.36000000,46613.27000000,43000.00000000,45161.60000000,372.15869100,1614556799999,16597085.66880904,13352,177.11576800,7917553.02663314,0
1614556800.0,45161.20000000,49783.33000000,44950.13000000,49617.18000000,370.24992100,1614643199999,17689566.67427134,11081,196.32995500,9356072.15104174,0
1614643200.0,49566.16000000,50204.70000000,47065.54000000,48456.72000000,228.98752400,1614729599999,11109791.96378921,7044,102.19051900,4965985.66195582,0
1614729600.0,48389.21000000,52631.64000000,48148.14000000,50352.90000000,255.80729900,1614815999999,12953206.86199214,8794,142.36453000,7208184.57387978,0
1614816000.0,50377.73000000,51780.29000000,47500.00000000,48373.02000000,364.09931700,1614902399999,17915120.10429652,9722,160.29714600,7910001.95589463,0
1614902400.0,48331.20000000,49430.45000000,46329.97000000,48747.32000000,405.35635000,1614988799999,19323286.06757096,8543,194.15225800,9287513.46643615,0
1614988800.0,48773.57000000,49210.46000000,47055.76000000,48905.34000000,274.47034300,1615075199999,13273744.72111348,8835,108.36275100,5238998.95004232,0
1615075200.0,48893.35000000,51447.81000000,48893.35000000,50960.87000000,202.24091400,1615161599999,10162436.04685744,7619,95.19051000,4779786.28740996,0
1615161600.0,50996.74000000,52395.78000000,49285.46000000,52335.07000000,278.01089500,1615247999999,14125103.49144634,9655,137.92587400,7011090.78531393,0
1615248000.0,52400.00000000,54890.00000000,51847.85000000,54857.46000000,312.01591600,1615334399999,16830217.55977555,10114,117.71185100,6342307.26763302,0
1615334400.0,54889.99000000,57407.64000000,52782.18000000,55955.34000000,565.98091700,1615420799999,31255962.39836237,17631,169.42592900,9366190.40866584,0
1615420800.0,55909.78000000,58129.00000000,54294.59000000,57756.57000000,301.29768400,1615507199999,16972236.04199202,11217,139.99253500,7884145.22748321,0
1615507200.0,57761.45000000,58091.65000000,55052.66000000,57232.78000000,392.05897300,1615593599999,22120573.88405076,9908,147.95147600,8380293.60382530,0
1615593600.0,57178.52000000,61822.09000000,56100.00000000,61173.44000000,238.84673500,1615679999999,14089639.31606301,9712,99.30312300,5870461.66362949,0
1615680000.0,61203.75000000,61697.85000000,58963.20000000,58963.20000000,173.46937400,1615766399999,10468545.26311264,6014,86.41116900,5221647.21423184,0
1615766400.0,58962.85000000,60611.01000000,54583.37000000,55552.06000000,467.14322100,1615852799999,26612118.47928404,12605,226.14623400,12876599.41867322,0
1615852800.0,55565.82000000,56946.89000000,53280.97000000,56946.89000000,377.45386500,1615939199999,20805651.20610015,13438,191.10085800,10525795.56462433,0
1615939200.0,56928.63000000,58974.35000000,54142.98000000,58781.20000000,310.68616300,1616025599999,17452148.44095399,9771,165.34752700,9284340.52806195,0
1616025600.0,58975.98000000,60122.56000000,57024.00000000,57678.64000000,250.29289800,1616111999999,14658022.64063121,8946,108.11287400,6340317.61636380,0
1616112000.0,57623.45000000,59459.94000000,56274.68000000,58143.30000000,256.33571500,1616198399999,14916011.33077083,7841,125.10865200,7275330.61144278,0
1616198400.0,58040.59000000,59876.34000000,57832.25000000,58075.12000000,160.72548500,1616284799999,9461276.37776965,6481,76.48849000,4504243.04310380,0
1616284800.0,58060.15000000,58571.99000000,55459.19000000,57330.95000000,174.82529600,1616371199999,9983911.99666925,5235,72.59327000,4156957.64854920,0
1616371200.0,57392.09000000,58426.53000000,53701.96000000,54076.17000000,206.56348000,1616457599999,11584795.70721630,8233,87.52303200,4896316.08130369,0
1616457600.0,54066.67000000,55829.74000000,53000.07000000,54387.68000000,225.54517800,1616543999999,12300434.24175860,7582,90.98180800,4960369.28984430,0
1616544000.0,54303.69000000,57184.47000000,51000.00000000,52307.69000000,323.13891400,1616630399999,17653827.98768019,11391,143.39219100,7850833.39117227,0
1616630400.0,52294.13000000,53228.87000000,50444.23000000,51304.00000000,316.57831500,1616716799999,16441865.18916438,10690,160.65969200,8343279.63191513,0
1616716800.0,51311.64000000,55091.44000000,51283.54000000,55028.38000000,240.60598700,1616803199999,12821522.78350297,8371,111.25255700,5943612.39955344,0
1616803200.0,55028.36000000,56632.08000000,53944.20000000,55839.00000000,194.57765200,1616889599999,10752994.78822103,7306,83.90553400,4637158.30715124,0
1616889600.0,55823.71000000,56541.90000000,54687.88000000,55773.80000000,140.56961300,1616975999999,7839612.29592249,6262,70.94436900,3960243.97540563,0
1616976000.0,55809.00000000,58401.15000000,54914.74000000,57611.51000000,212.47943100,1617062399999,12111195.39169459,8602,111.85893300,6372179.59573320,0
1617062400.0,57677.07000000,59359.65000000,57076.67000000,58747.49000000,143.91192100,1617148799999,8419671.42947118,6211,64.90145200,3804778.33334968,0
1617148800.0,58717.24000000,59787.24000000,56857.70000000,58773.06000000,261.07859400,1617235199999,15269412.06003538,8655,117.86786000,6900391.28102079,0
1617235200.0,58747.08000000,59487.01000000,57943.49000000,58723.68000000,225.88557600,1617321599999,13300287.11694084,8545,119.17331100,7021163.03155340,0
1617321600.0,58735.38000000,60171.61000000,58444.89000000,58980.00000000,278.60468500,1617407999999,16546234.35860319,11497,132.95311300,7896914.42542560,0
1617408000.0,58958.71000000,59780.83000000,56897.85000000,57054.29000000,279.63912900,1617494399999,16338573.80759118,9011,128.41102600,7511192.39619198,0
1617494400.0,57061.20000000,58482.20000000,56442.00000000,58179.83000000,244.95341800,1617580799999,14055214.07964217,7060,106.46958000,6113409.88491122,0
1617580800.0,58236.24000000,59259.78000000,56801.82000000,59110.55000000,194.50045600,1617667199999,11322663.24457296,7378,99.08782400,5767870.71083199,0
1617667200.0,59131.13000000,59500.00000000,57401.96000000,57995.35000000,372.22847000,1617753599999,21717823.52014394,12846,165.15311400,9643134.62766293,0
1617753600.0,57995.35000000,58643.67000000,55470.10000000,55921.81000000,618.89300900,1617839999999,35269432.75069636,24928,286.75905300,16351600.19517481,0
1617840000.0,55940.45000000,58144.15000000,55690.90000000,58070.47000000,239.49710500,1617926399999,13688415.59779739,10359,124.32754800,7107770.70112590,0
1617926400.0,58081.86000000,58886.76000000,57660.43000000,58114.30000000,223.29919200,1618012799999,13008903.52191834,9496,106.67174800,6215162.60422131,0
1618012800.0,58148.26000000,61353.31000000,57892.24000000,59776.67000000,460.59300300,1618099199999,27626356.70515345,20560,217.38142600,13031708.68964024,0
1618099200.0,59779.45000000,60693.74000000,59231.65000000,60001.40000000,400.12334700,1618185599999,23933422.33264568,16223,185.91032300,11118723.91888435,0
1618185600.0,60002.61000000,61259.43000000,59428.57000000,59870.00000000,341.19374800,1618271999999,20525915.27033367,15733,164.82076700,9915531.62168326,0
1618272000.0,59870.00000000,63749.42000000,59826.57000000,63555.57000000,479.89212100,1618358399999,29888284.36053920,21820,227.35028500,14185192.11027138,0
1618358400.0,63607.70000000,64853.59000000,61321.56000000,62940.36000000,738.30672800,1618444799999,46730790.28501055,32472,346.15498400,21918001.16174298,0
1618444800.0,63019.42000000,63767.34000000,62038.65000000,63161.09000000,288.18601000,1618531199999,18123997.47370701,14301,130.00443300,8183627.20518730,0
1618531200.0,63193.73000000,63510.88000000,60006.79000000,61345.00000000,698.33758900,1618617599999,42799986.25046863,24528,379.18932600,23214675.88165773,0
1618617600.0,61345.00000000,62500.00000000,59608.30000000,60000.96000000,355.80360400,1618703999999,21735519.96038643,16242,181.31767000,11080933.80076171,0
1618704000.0,60010.75000000,60366.84000000,51000.74000000,56155.11000000,1810.62318700,1618790399999,100375989.83863388,54188,925.89036500,51243261.97297095,0
1618790400.0,56152.95000000,57513.51000000,54242.56000000,55607.18000000,761.96758000,1618876799999,42680738.90219084,28942,370.01822400,20741399.87614199,0
1618876800.0,55623.02000000,57084.74000000,53353.60000000,56430.65000000,923.59454500,1618963199999,51138162.62334897,31693,476.50492600,26396700.20910775,0
1618963200.0,56430.65000000,56756.47000000,53626.30000000,53788.72000000,636.90598800,1619049599999,35208677.05026257,27863,289.16266500,15989325.01315988,0
1619049600.0,53806.36000000,55463.66000000,50481.03000000,51694.18000000,1169.26569700,1619135999999,62327721.92407002,52551,533.87180900,28441278.83680463,0
1619136000.0,51692.95000000,52119.17000000,47509.60000000,51121.61000000,963.76669000,1619222399999,47989705.66608216,39014,483.14316200,24082710.40065087,0
1619222400.0,51125.96000000,51186.03000000,48675.17000000,50042.37000000,455.96120900,1619308799999,22776945.16629727,16426,238.03631200,11892354.70956990,0
1619308800.0,50082.49000000,50571.42000000,46957.72000000,49063.82000000,776.05531000,1619395199999,38166292.23767910,26770,373.82451500,18383375.94555699,0
1619395200.0,49082.70000000,54333.33000000,48777.77000000,54019.14000000,867.40653400,1619481599999,45572693.50507815,36897,408.63747700,21534597.34240898,0
1619481600.0,53991.90000000,55447.05000000,53248.44000000,55008.96000000,628.33112500,1619567999999,34344474.94576637,22010,364.02588500,19917975.16023847,0
1619568000.0,55012.03000000,56427.44000000,53813.23000000,54831.52000000,576.46140000,1619654399999,31595546.75923869,21257,270.13124700,14801935.21432545,0
1619654400.0,54871.95000000,55190.72000000,52328.22000000,53557.33000000,420.21086400,1619740799999,22571673.76616592,15622,210.29859000,11296725.50285117,0
1619740800.0,53557.85000000,57915.10000000,53051.59000000,57707.15000000,599.02632900,1619827199999,33370891.00869311,22947,281.78031000,15672566.99162884,0
1619827200.0,57698.27000000,58467.76000000,57003.72000000,57780.38000000,382.41356100,1619913599999,22102661.64593333,15154,172.09460800,9944025.81745189,0
1619913600.0,57800.00000000,57913.32000000,56057.84000000,56577.85000000,374.10169700,1619999999999,21223520.84565957,13938,167.74581300,9517461.39198734,0
1620000000.0,56577.85000000,58964.91000000,56463.54000000,57162.07000000,507.00901200,1620086399999,29274205.82272165,19715,248.77117000,14369547.50202052,0
1620086400.0,57162.08000000,57189.19000000,53084.81000000,53206.25000000,853.46600200,1620172799999,46958854.46619596,31739,409.84192700,22544119.08058167,0
1620172800.0,53196.41000000,57988.13000000,52914.20000000,57430.25000000,818.78427500,1620259199999,45845932.63278258,30195,414.98784200,23238839.13083347,0
1620259200.0,57439.07000000,58358.14000000,55267.08000000,56404.09000000,633.36826000,1620345599999,35956400.93648483,25331,304.78361600,17312926.48070140,0
1620345600.0,56410.73000000,58657.56000000,55219.66000000,57328.39000000,625.31117800,1620431999999,35546055.88473192,26383,310.93865600,17657873.78028146,0
1620432000.0,57303.44000000,59615.90000000,56933.24000000,58861.73000000,548.63241900,1620518399999,32094147.01697727,23841,290.22177000,16980456.34558947,0
1620518400.0,58881.25000000,59223.28000000,56266.44000000,58235.83000000,535.56058400,1620604799999,30961198.49947802,20218,264.43888100,15273289.86741511,0
1620604800.0,58253.12000000,59516.44000000,53588.23000000,55815.35000000,916.84421000,1620691199999,52149113.95659633,32482,463.02664200,26323144.41326152,0
1620691200.0,55795.74000000,56886.54000000,54484.15000000,56674.93000000,503.48990100,1620777599999,28018183.61125211,22611,260.21972500,14484856.96447740,0
1620777600.0,56679.21000000,57995.75000000,48645.60000000,49734.81000000,852.65038600,1620863999999,46224088.13584520,36594,393.54882500,21440729.93906594,0
1620864000.0,49666.15000000,51367.91000000,45825.78000000,49669.51000000,1946.04335400,1620950399999,95936727.32014993,66377,991.80945700,48914388.17708931,0
1620950400.0,49651.56000000,51470.82000000,48830.57000000,49850.56000000,519.56624800,1621036799999,25967291.71172698,24258,250.41022800,12535961.24483451,0
1621036800.0,49856.09000000,50689.76000000,46561.24000000,46764.44000000,520.72100600,1621123199999,25264396.61232067,25890,251.96257300,12241179.59246577,0
1621123200.0,46764.43000000,49785.42000000,43879.82000000,46431.10000000,1076.51961400,1621209599999,50382468.90507458,41984,483.28752800,22510697.26801555,0
1621209600.0,46413.31000000,46612.88000000,42113.36000000,43547.02000000,1342.45046900,1621295999999,58928279.60167797,55019,661.59567500,29052059.30125066,0
1621296000.0,43584.18000000,45783.51000000,42252.71000000,42848.25000000,835.25315300,1621382399999,36660668.99971532,38451,448.04488500,19668999.55671075,0
1621382400.0,42858.47000000,43586.43000000,30116.81000000,36653.50000000,3229.08003900,1621468799999,122505668.80023779,112330,1562.64688200,59307281.50453603,0
1621468800.0,36672.13000000,42415.23000000,34933.59000000,40517.63000000,2607.46585900,1621555199999,102427403.36676865,88671,1342.51922100,52780121.41824881,0
1621555200.0,40502.48000000,42201.52000000,33500.00000000,37269.42000000,2874.14212700,1621641599999,109518814.81413671,93880,1449.93655100,55249980.96124623,0
1621641600.0,37199.43000000,38831.23000000,35215.38000000,37459.95000000,1835.64494800,1621727999999,68649886.82015770,70246,914.34490600,34197504.13456715,0
1621728000.0,37457.21000000,38272.17000000,31109.00000000,34646.69000000,2893.84495600,1621814399999,98942201.13271942,95338,1440.44368200,49197005.54066708,0
1621814400.0,34668.82000000,39916.70000000,34383.30000000,38800.00000000,1350.74981000,1621900799999,49965985.66123350,50837,661.59364000,24455555.51564161,0
1621900800.0,38800.00000000,39802.98000000,36445.80000000,37716.10000000,1015.59052800,1621987199999,38546227.38548930,41591,512.32314900,19448227.79394952,0
